year,cp,name,population,select,menor,mayor
1900,22001,Abiego,1383,Abiego,8.43,31.22
1900,22002,Abizanda,463,Abizanda,9.27,27.15
1900,22003,Adahuesca,725,Adahuesca,16.27,27.90
1900,22004,Agüero,1182,Agüero,3.84,40.00
1900,22006,Aísa,733,Aísa,11.21,24.61
1900,22007,Albalate de Cinca,1519,Albalate de Cinca,14.33,23.95
1900,22008,Albalatillo,464,Albalatillo,8.83,44.19
1900,22009,Albelda,1213,Albelda,13.17,36.19
1900,22011,Albero Alto,360,Albero Alto,17.14,23.80
1900,22012,Albero Bajo,205,Albero Bajo,18.43,21.27
1900,22013,Alberuela de Tubo,238,Alberuela de Tubo,7.76,33.33
1900,22014,Alcalá de Gurrea,638,Alcalá de Gurrea,4.87,40.65
1900,22015,Alcalá del Obispo,1328,Alcalá del Obispo,5.23,36.00
1900,22016,Alcampell,1983,Alcampell,8.89,44.01
1900,22017,Alcolea de Cinca,2409,Alcolea de Cinca,14.05,24.31
1900,22018,Alcubierre,1530,Alcubierre,8.81,36.63
1900,22019,Alerre,227,Alerre,11.44,31.34
1900,22020,Alfántega,309,Alfántega,8.66,35.43
1900,22021,Almudévar,2983,Almudévar,17.75,26.85
1900,22022,Almunia de San Juan,954,Almunia de San Juan,14.98,27.06
1900,22023,Almuniente,512,Almuniente,13.16,30.99
1900,22024,Alquézar,1313,Alquézar,8.10,29.05
1900,22025,Altorricón,532,Altorricón,16.74,26.33
1900,22027,Angüés,1912,Angüés,9.26,35.96
1900,22028,Ansó,1549,Ansó,10.67,37.35
1900,22029,Antillón,393,Antillón,13.42,34.89
1900,22032,Aragüés del Puerto,546,Aragüés del Puerto,9.48,30.17
1900,22035,Arén,2119,Arén,7.54,27.67
1900,22036,Argavieso,322,Argavieso,9.37,46.87
1900,22037,Arguis,570,Arguis,10.07,19.37
1900,22039,Ayerbe,2609,Ayerbe,17.19,30.64
1900,22040,Azanuy-Alins,1221,Azanuy-Alins,14.20,35.22
1900,22041,Azara,513,Azara,11.49,32.75
1900,22042,Azlor,537,Azlor,15.68,32.02
1900,22043,Baélls,737,Baélls,8.65,39.42
1900,22044,Bailo,1488,Bailo,7.88,30.82
1900,22045,Baldellou,813,Baldellou,2.59,46.75
1900,22046,Ballobar,2333,Ballobar,13.73,31.59
1900,22047,Banastás,113,Banastás,18.49,17.12
1900,22048,Barbastro,7301,Barbastro,19.22,20.28
1900,22049,Barbués,218,Barbués,3.89,32.46
1900,22050,Barbuñales,425,Barbuñales,2.10,42.10
1900,22051,Bárcabo,829,Bárcabo,2.85,36.19
1900,22052,Belver de Cinca,1666,Belver de Cinca,15.71,25.77
1900,22053,Benabarre,2887,Benabarre,16.07,29.26
1900,22054,Benasque,1598,Benasque,17.70,10.61
1900,22055,Berbegal,1109,Berbegal,7.82,28.69
1900,22057,Bielsa,971,Bielsa,14.28,24.57
1900,22058,Bierge,1581,Bierge,9.95,29.87
1900,22059,Biescas,3509,Biescas,15.41,21.29
1900,22060,Binaced,1774,Binaced,16.01,23.66
1900,22061,Binéfar,1556,Binéfar,19.89,20.28
1900,22062,Bisaurri,813,Bisaurri,9.39,30.93
1900,22063,Biscarrués,810,Biscarrués,7.93,32.80
1900,22064,Blecua y Torres,769,Blecua y Torres,11.47,31.14
1900,22066,Boltaña,1926,Boltaña,17.03,17.54
1900,22067,Bonansa,421,Bonansa,15.11,26.74
1900,22068,Borau,460,Borau,6.25,23.75
1900,22069,Broto,1758,Broto,15.44,20.15
1900,22072,Caldearenas,1483,Caldearenas,10.55,29.81
1900,22074,Campo,806,Campo,10.21,31.57
1900,22075,Camporrells,997,Camporrells,7.29,42.33
1900,22076,Canal de Berdún,2022,Canal de Berdún,8.41,37.07
1900,22077,Candasnos,1063,Candasnos,0,48.89
1900,22078,Canfranc,770,Canfranc,15.60,16.91
1900,22079,Capdesaso,490,Capdesaso,6.32,25.28
1900,22080,Capella,1008,Capella,13.27,30.79
1900,22081,Casbas de Huesca,2195,Casbas de Huesca,6.69,34.57
1900,22082,Castejón del Puente,621,Castejón del Puente,9.52,32.38
1900,22083,Castejón de Monegros,1594,Castejón de Monegros,9.22,37.66
1900,22084,Castejón de Sos,813,Castejón de Sos,19.65,16.60
1900,22085,Castelflorite,247,Castelflorite,6.48,41.66
1900,22086,Castiello de Jaca,523,Castiello de Jaca,14.60,16.10
1900,22087,Castigaleu,266,Castigaleu,17.44,24.41
1900,22088,Castillazuelo,757,Castillazuelo,11.83,42.60
1900,22089,Castillonroy,863,Castillonroy,10.57,31.08
1900,22090,Colungo,702,Colungo,5.26,42.98
1900,22094,Chalamera,427,Chalamera,12.96,34.25
1900,22095,Chía,602,Chía,17.44,32.55
1900,22096,Chimillas,189,Chimillas,19.18,17.64
1900,22099,Esplús,549,Esplús,10.72,34.38
1900,22102,Estada,524,Estada,8.33,28.43
1900,22103,Estadilla,1752,Estadilla,12.46,31.23
1900,22105,Estopiñán del Castillo,1486,Estopiñán del Castillo,14.28,34.12
1900,22106,Fago,419,Fago,13.04,30.43
1900,22107,Fanlo,1065,Fanlo,2.06,30.92
1900,22109,Fiscal,2505,Fiscal,14.06,21.40
1900,22110,Fonz,2006,Fonz,13.21,33.56
1900,22111,Foradada del Toscar,665,Foradada del Toscar,7.51,36.41
1900,22112,Fraga,6934,Fraga,20.33,16.83
1900,22113,Fueva La,2691,Fueva La,16.24,26.63
1900,22114,Gistaín,444,Gistaín,13.42,40.93
1900,22115,Grado El,1605,Grado El,10.32,32.62
1900,22116,Grañén,1431,Grañén,12.60,27.43
1900,22117,Graus,6259,Graus,16.27,24.11
1900,22119,Gurrea de Gállego,1401,Gurrea de Gállego,10.50,32.52
1900,22122,Hoz de Jaca,160,Hoz de Jaca,14.47,28.94
1900,22124,Huerto,970,Huerto,11.46,32.56
1900,22125,Huesca,13683,Huesca,19.50,19.91
1900,22126,Ibieca,417,Ibieca,7.21,39.17
1900,22127,Igriés,446,Igriés,25.81,11.34
1900,22128,Ilche,720,Ilche,6.13,36.32
1900,22129,Isábena,1246,Isábena,7.98,26.89
1900,22130,Jaca,8964,Jaca,18.00,19.05
1900,22131,Jasa,467,Jasa,9.78,27.17
1900,22133,Labuerda,425,Labuerda,13.58,17.90
1900,22135,Laluenga,794,Laluenga,7.73,38.65
1900,22136,Lalueza,867,Lalueza,10.40,32.20
1900,22137,Lanaja,1839,Lanaja,8.98,32.86
1900,22139,Laperdiguera,369,Laperdiguera,7.69,32.96
1900,22141,Lascellas-Ponzano,996,Lascellas-Ponzano,13.49,27.77
1900,22142,Lascuarre,581,Lascuarre,16.91,29.41
1900,22143,Laspaúles,1065,Laspaúles,8.26,34.34
1900,22144,Laspuña,501,Laspuña,10.99,31.61
1900,22149,Loarre,1771,Loarre,6.04,37.16
1900,22150,Loporzano,3139,Loporzano,9.96,30.45
1900,22151,Loscorrales,371,Loscorrales,13.20,28.30
1900,22155,Monesma y Cajigar,513,Monesma y Cajigar,2.73,35.61
1900,22156,Monflorite-Lascasas,452,Monflorite-Lascasas,20.09,11.91
1900,22157,Montanuy,1395,Montanuy,9.76,23.25
1900,22158,Monzón,5037,Monzón,20.20,18.98
1900,22160,Naval,1550,Naval,13.75,27.13
1900,22162,Novales,400,Novales,11.61,27.09
1900,22163,Nueno,1249,Nueno,18.79,23.68
1900,22164,Olvena,384,Olvena,20.00,46.00
1900,22165,Ontiñena,1862,Ontiñena,9.94,31.89
1900,22167,Osso de Cinca,728,Osso de Cinca,11.06,25.47
1900,22168,Palo,288,Palo,7.40,44.44
1900,22170,Panticosa,889,Panticosa,14.63,15.77
1900,22172,Peñalba,1158,Peñalba,11.73,30.06
1900,22173,Peñas de Riglos Las,2226,Peñas de Riglos Las,9.16,29.08
1900,22174,Peralta de Alcofea,2207,Peralta de Alcofea,8.71,36.47
1900,22175,Peralta de Calasanz,2404,Peralta de Calasanz,8.21,39.26
1900,22176,Peraltilla,439,Peraltilla,11.55,23.61
1900,22177,Perarrúa,689,Perarrúa,11.00,33.02
1900,22178,Pertusa,705,Pertusa,9.09,32.72
1900,22181,Piracés,242,Piracés,10.20,36.73
1900,22182,Plan,1124,Plan,15.33,28.91
1900,22184,Poleñino,512,Poleñino,10.00,28.00
1900,22186,Pozán de Vero,885,Pozán de Vero,13.76,30.73
1900,22187,Puebla de Castro La,887,Puebla de Castro La,17.20,23.38
1900,22188,Puente de Montañana,822,Puente de Montañana,6.45,41.93
1900,22189,Puértolas,1049,Puértolas,12.55,27.90
1900,22190,Pueyo de Araguás El,492,Pueyo de Araguás El,20.77,23.37
1900,22193,Pueyo de Santa Cruz,420,Pueyo de Santa Cruz,13.05,28.98
1900,22195,Quicena,259,Quicena,16.60,17.31
1900,22197,Robres,1064,Robres,11.27,31.05
1900,22199,Sabiñánigo,4884,Sabiñánigo,16.97,21.70
1900,22200,Sahún,871,Sahún,16.32,23.80
1900,22201,Salas Altas,998,Salas Altas,12.33,33.44
1900,22202,Salas Bajas,601,Salas Bajas,13.77,26.94
1900,22203,Salillas,367,Salillas,7.29,40.62
1900,22204,Sallent de Gállego,1420,Sallent de Gállego,17.49,15.72
1900,22205,San Esteban de Litera,1532,San Esteban de Litera,8.69,36.16
1900,22206,Sangarrén,509,Sangarrén,6.39,40.63
1900,22207,San Juan de Plan,361,San Juan de Plan,16.44,24.34
1900,22208,Santa Cilia,567,Santa Cilia,19.91,19.04
1900,22209,Santa Cruz de la Serós,422,Santa Cruz de la Serós,11.66,20.00
1900,22212,Santaliestra y San Quílez,366,Santaliestra y San Quílez,9.87,40.74
1900,22213,Sariñena,4029,Sariñena,16.69,21.97
1900,22214,Secastilla,850,Secastilla,11.64,26.71
1900,22215,Seira,311,Seira,7.33,32.66
1900,22217,Sena,1071,Sena,12.47,30.67
1900,22218,Senés de Alcubierre,143,Senés de Alcubierre,7.31,36.58
1900,22220,Sesa,881,Sesa,6.58,43.11
1900,22221,Sesué,360,Sesué,21.25,15.74
1900,22222,Siétamo,1584,Siétamo,20.18,16.11
1900,22223,Sopeira,889,Sopeira,15.95,23.40
1900,22225,Tamarite de Litera,3517,Tamarite de Litera,16.29,25.93
1900,22226,Tardienta,1531,Tardienta,14.81,30.88
1900,22227,Tella-Sin,717,Tella-Sin,6.19,37.16
1900,22228,Tierz,310,Tierz,29.15,8.70
1900,22229,Tolva,962,Tolva,6.50,37.39
1900,22230,Torla-Ordesa,988,Torla-Ordesa,7.38,28.85
1900,22232,Torralba de Aragón,443,Torralba de Aragón,7.76,32.03
1900,22233,Torre la Ribera,362,Torre la Ribera,8.82,33.33
1900,22234,Torrente de Cinca,1382,Torrente de Cinca,10.71,24.56
1900,22235,Torres de Alcanadre,499,Torres de Alcanadre,0,48.91
1900,22236,Torres de Barbués,202,Torres de Barbués,5.26,31.95
1900,22239,Tramaced,111,Tramaced,7.07,44.44
1900,22242,Valfarta,309,Valfarta,7.24,43.47
1900,22243,Valle de Bardají,221,Valle de Bardají,0,58.82
1900,22244,Valle de Lierp,212,Valle de Lierp,6.52,58.69
1900,22245,Velilla de Cinca,1089,Velilla de Cinca,17.06,25.26
1900,22246,Beranuy,651,Beranuy,8.97,34.61
1900,22247,Viacamp y Litera,820,Viacamp y Litera,5.55,22.22
1900,22248,Vicién,374,Vicién,7.75,33.62
1900,22249,Villanova,279,Villanova,25.15,16.98
1900,22250,Villanúa,959,Villanúa,13.87,21.70
1900,22251,Villanueva de Sigena,900,Villanueva de Sigena,9.89,25.38
1900,22252,Yebra de Basa,867,Yebra de Basa,12.24,31.97
1900,22253,Yésero,288,Yésero,3.33,48.33
1900,22254,Zaidín,1907,Zaidín,14.93,22.94
1900,22901,Valle de Hecho,2935,Valle de Hecho,11.44,28.60
1900,22902,Puente la Reina de Jaca,848,Puente la Reina de Jaca,13.84,30.00
1900,22903,San Miguel del Cinca,1922,San Miguel del Cinca,15.62,27.67
1900,22904,Sotonera La,3972,Sotonera La,10.62,34.78
1900,22905,Lupiñén-Ortilla,1138,Lupiñén-Ortilla,14.07,28.73
1900,22906,Santa María de Dulcis,644,Santa María de Dulcis,11.05,30.76
1900,22907,Aínsa-Sobrarbe,3680,Aínsa-Sobrarbe,18.78,17.20
1900,22908,Hoz y Costeán,1390,Hoz y Costeán,10.61,35.39
1910,22001,Abiego,1440,,19.04,26.81
1910,22002,Abizanda,472,,,
1910,22003,Adahuesca,631,,,
1910,22004,Agüero,1253,,,
1910,22006,Aísa,787,,,
1910,22007,Albalate de Cinca,1636,,,
1910,22008,Albalatillo,497,,,
1910,22009,Albelda,1357,,,
1910,22011,Albero Alto,383,,,
1910,22012,Albero Bajo,214,,,
1910,22013,Alberuela de Tubo,219,,,
1910,22014,Alcalá de Gurrea,679,,,
1910,22015,Alcalá del Obispo,1428,,,
1910,22016,Alcampell,2388,,,
1910,22017,Alcolea de Cinca,2504,,,
1910,22018,Alcubierre,1500,,,
1910,22019,Alerre,225,,,
1910,22020,Alfántega,322,,,
1910,22021,Almudévar,3163,,,
1910,22022,Almunia de San Juan,1190,,,
1910,22023,Almuniente,573,,,
1910,22024,Alquézar,1356,,,
1910,22025,Altorricón,621,,,
1910,22027,Angüés,1983,,,
1910,22028,Ansó,1474,,,
1910,22029,Antillón,408,,,
1910,22032,Aragüés del Puerto,542,,,
1910,22035,Arén,2085,,,
1910,22036,Argavieso,324,,,
1910,22037,Arguis,580,,,
1910,22039,Ayerbe,2727,,,
1910,22040,Azanuy-Alins,1243,,,
1910,22041,Azara,490,,,
1910,22042,Azlor,576,,,
1910,22043,Baélls,780,,,
1910,22044,Bailo,1533,,,
1910,22045,Baldellou,807,,,
1910,22046,Ballobar,2389,,,
1910,22047,Banastás,116,,,
1910,22048,Barbastro,7417,,,
1910,22049,Barbués,283,,,
1910,22050,Barbuñales,401,,,
1910,22051,Bárcabo,825,,,
1910,22052,Belver de Cinca,1952,,,
1910,22053,Benabarre,2966,,,
1910,22054,Benasque,1331,,,
1910,22055,Berbegal,1150,,,
1910,22057,Bielsa,1035,,,
1910,22058,Bierge,1680,,,
1910,22059,Biescas,3618,,,
1910,22060,Binaced,1925,,,
1910,22061,Binéfar,2109,,,
1910,22062,Bisaurri,892,,,
1910,22063,Biscarrués,822,,,
1910,22064,Blecua y Torres,784,,,
1910,22066,Boltaña,1896,,,
1910,22067,Bonansa,443,,,
1910,22068,Borau,460,,,
1910,22069,Broto,1822,,,
1910,22072,Caldearenas,1512,,,
1910,22074,Campo,828,,,
1910,22075,Camporrells,902,,,
1910,22076,Canal de Berdún,2066,,,
1910,22077,Candasnos,1054,,,
1910,22078,Canfranc,774,,,
1910,22079,Capdesaso,511,,,
1910,22080,Capella,1064,,,
1910,22081,Casbas de Huesca,2155,,,
1910,22082,Castejón del Puente,612,,,
1910,22083,Castejón de Monegros,1575,,,
1910,22084,Castejón de Sos,900,,,
1910,22085,Castelflorite,285,,,
1910,22086,Castiello de Jaca,531,,,
1910,22087,Castigaleu,269,,,
1910,22088,Castillazuelo,781,,,
1910,22089,Castillonroy,887,,,
1910,22090,Colungo,662,,,
1910,22094,Chalamera,475,,,
1910,22095,Chía,444,,,
1910,22096,Chimillas,218,,,
1910,22099,Esplús,747,,,
1910,22102,Estada,514,,,
1910,22103,Estadilla,1668,,,
1910,22105,Estopiñán del Castillo,1443,,,
1910,22106,Fago,372,,,
1910,22107,Fanlo,1084,,,
1910,22109,Fiscal,2495,,,
1910,22110,Fonz,2338,,,
1910,22111,Foradada del Toscar,686,,,
1910,22112,Fraga,7418,,,
1910,22113,Fueva La,2722,,,
1910,22114,Gistaín,479,,,
1910,22115,Grado El,1486,,,
1910,22116,Grañén,1478,,,
1910,22117,Graus,6478,,,
1910,22119,Gurrea de Gállego,1642,,,
1910,22122,Hoz de Jaca,159,,,
1910,22124,Huerto,1026,,,
1910,22125,Huesca,13964,,,
1910,22126,Ibieca,402,,,
1910,22127,Igriés,458,,,
1910,22128,Ilche,691,,,
1910,22129,Isábena,1288,,,
1910,22130,Jaca,9172,,,
1910,22131,Jasa,420,,,
1910,22133,Labuerda,455,,,
1910,22135,Laluenga,850,,,
1910,22136,Lalueza,951,,,
1910,22137,Lanaja,2090,,,
1910,22139,Laperdiguera,364,,,
1910,22141,Lascellas-Ponzano,990,,,
1910,22142,Lascuarre,551,,,
1910,22143,Laspaúles,1165,,,
1910,22144,Laspuña,502,,,
1910,22149,Loarre,1788,,,
1910,22150,Loporzano,3181,,,
1910,22151,Loscorrales,393,,,
1910,22155,Monesma y Cajigar,561,,,
1910,22156,Monflorite-Lascasas,491,,,
1910,22157,Montanuy,1457,,,
1910,22158,Monzón,5368,,,
1910,22160,Naval,1439,,,
1910,22162,Novales,459,,,
1910,22163,Nueno,1230,,,
1910,22164,Olvena,342,,,
1910,22165,Ontiñena,1989,,,
1910,22167,Osso de Cinca,812,,,
1910,22168,Palo,311,,,
1910,22170,Panticosa,835,,,
1910,22172,Peñalba,1331,,,
1910,22173,Peñas de Riglos Las,2633,,,
1910,22174,Peralta de Alcofea,2320,,,
1910,22175,Peralta de Calasanz,2464,,,
1910,22176,Peraltilla,476,,,
1910,22177,Perarrúa,694,,,
1910,22178,Pertusa,623,,,
1910,22181,Piracés,276,,,
1910,22182,Plan,1096,,,
1910,22184,Poleñino,556,,,
1910,22186,Pozán de Vero,914,,,
1910,22187,Puebla de Castro La,837,,,
1910,22188,Puente de Montañana,809,,,
1910,22189,Puértolas,1060,,,
1910,22190,Pueyo de Araguás El,493,,,
1910,22193,Pueyo de Santa Cruz,512,,,
1910,22195,Quicena,285,,,
1910,22197,Robres,1030,,,
1910,22199,Sabiñánigo,5063,,,
1910,22200,Sahún,711,,,
1910,22201,Salas Altas,1071,,,
1910,22202,Salas Bajas,588,,,
1910,22203,Salillas,414,,,
1910,22204,Sallent de Gállego,1427,,,
1910,22205,San Esteban de Litera,1806,,,
1910,22206,Sangarrén,532,,,
1910,22207,San Juan de Plan,367,,,
1910,22208,Santa Cilia,606,,,
1910,22209,Santa Cruz de la Serós,412,,,
1910,22212,Santaliestra y San Quílez,379,,,
1910,22213,Sariñena,4424,,,
1910,22214,Secastilla,855,,,
1910,22215,Seira,309,,,
1910,22217,Sena,1161,,,
1910,22218,Senés de Alcubierre,178,,,
1910,22220,Sesa,911,,,
1910,22221,Sesué,385,,,
1910,22222,Siétamo,1627,,,
1910,22223,Sopeira,847,,,
1910,22225,Tamarite de Litera,4156,,,
1910,22226,Tardienta,1698,,,
1910,22227,Tella-Sin,737,,,
1910,22228,Tierz,316,,,
1910,22229,Tolva,955,,,
1910,22230,Torla-Ordesa,1016,,,
1910,22232,Torralba de Aragón,420,,,
1910,22233,Torre la Ribera,401,,,
1910,22234,Torrente de Cinca,1409,,,
1910,22235,Torres de Alcanadre,492,,,
1910,22236,Torres de Barbués,238,,,
1910,22239,Tramaced,111,,,
1910,22242,Valfarta,346,,,
1910,22243,Valle de Bardají,186,,,
1910,22244,Valle de Lierp,231,,,
1910,22245,Velilla de Cinca,1238,,,
1910,22246,Beranuy,765,,,
1910,22247,Viacamp y Litera,800,,,
1910,22248,Vicién,328,,,
1910,22249,Villanova,324,,,
1910,22250,Villanúa,1114,,,
1910,22251,Villanueva de Sigena,974,,,
1910,22252,Yebra de Basa,888,,,
1910,22253,Yésero,311,,,
1910,22254,Zaidín,2091,,,
1910,22901,Valle de Hecho,2701,,,
1910,22902,Puente la Reina de Jaca,841,,,
1910,22903,San Miguel del Cinca,1941,,,
1910,22904,Sotonera La,4073,,,
1910,22905,Lupiñén-Ortilla,1181,,,
1910,22906,Santa María de Dulcis,622,,,
1910,22907,Aínsa-Sobrarbe,3800,,,
1910,22908,Hoz y Costeán,1383,,,
1920,22001,Abiego,1401,,,
1920,22002,Abizanda,446,,,
1920,22003,Adahuesca,647,,,
1920,22004,Agüero,1177,,,
1920,22006,Aísa,814,,,
1920,22007,Albalate de Cinca,1590,,,
1920,22008,Albalatillo,549,,,
1920,22009,Albelda,1481,,,
1920,22011,Albero Alto,321,,,
1920,22012,Albero Bajo,208,,,
1920,22013,Alberuela de Tubo,244,,,
1920,22014,Alcalá de Gurrea,883,,,
1920,22015,Alcalá del Obispo,1332,,,
1920,22016,Alcampell,2467,,,
1920,22017,Alcolea de Cinca,2647,,,
1920,22018,Alcubierre,1422,,,
1920,22019,Alerre,222,,,
1920,22020,Alfántega,279,,,
1920,22021,Almudévar,3215,,,
1920,22022,Almunia de San Juan,1213,,,
1920,22023,Almuniente,626,,,
1920,22024,Alquézar,1171,,,
1920,22025,Altorricón,856,,,
1920,22027,Angüés,1826,,,
1920,22028,Ansó,1226,,,
1920,22029,Antillón,422,,,
1920,22032,Aragüés del Puerto,519,,,
1920,22035,Arén,1933,,,
1920,22036,Argavieso,331,,,
1920,22037,Arguis,548,,,
1920,22039,Ayerbe,2716,,,
1920,22040,Azanuy-Alins,1203,,,
1920,22041,Azara,458,,,
1920,22042,Azlor,552,,,
1920,22043,Baélls,780,,,
1920,22044,Bailo,1427,,,
1920,22045,Baldellou,644,,,
1920,22046,Ballobar,2292,,,
1920,22047,Banastás,141,,,
1920,22048,Barbastro,8309,,,
1920,22049,Barbués,253,,,
1920,22050,Barbuñales,440,,,
1920,22051,Bárcabo,803,,,
1920,22052,Belver de Cinca,2056,,,
1920,22053,Benabarre,2818,,,
1920,22054,Benasque,1328,,,
1920,22055,Berbegal,1079,,,
1920,22057,Bielsa,1330,,,
1920,22058,Bierge,1598,,,
1920,22059,Biescas,3661,,,
1920,22060,Binaced,2222,,,
1920,22061,Binéfar,2755,,,
1920,22062,Bisaurri,969,,,
1920,22063,Biscarrués,886,,,
1920,22064,Blecua y Torres,714,,,
1920,22066,Boltaña,1871,,,
1920,22067,Bonansa,398,,,
1920,22068,Borau,371,,,
1920,22069,Broto,1750,,,
1920,22072,Caldearenas,1436,,,
1920,22074,Campo,898,,,
1920,22075,Camporrells,875,,,
1920,22076,Canal de Berdún,1932,,,
1920,22077,Candasnos,1063,,,
1920,22078,Canfranc,1090,,,
1920,22079,Capdesaso,425,,,
1920,22080,Capella,1013,,,
1920,22081,Casbas de Huesca,2054,,,
1920,22082,Castejón del Puente,551,,,
1920,22083,Castejón de Monegros,1502,,,
1920,22084,Castejón de Sos,966,,,
1920,22085,Castelflorite,266,,,
1920,22086,Castiello de Jaca,506,,,
1920,22087,Castigaleu,293,,,
1920,22088,Castillazuelo,705,,,
1920,22089,Castillonroy,907,,,
1920,22090,Colungo,685,,,
1920,22094,Chalamera,493,,,
1920,22095,Chía,308,,,
1920,22096,Chimillas,237,,,
1920,22099,Esplús,1114,,,
1920,22102,Estada,492,,,
1920,22103,Estadilla,1548,,,
1920,22105,Estopiñán del Castillo,1390,,,
1920,22106,Fago,364,,,
1920,22107,Fanlo,1033,,,
1920,22109,Fiscal,2502,,,
1920,22110,Fonz,2123,,,
1920,22111,Foradada del Toscar,713,,,
1920,22112,Fraga,7827,,,
1920,22113,Fueva La,2576,,,
1920,22114,Gistaín,592,,,
1920,22115,Grado El,1616,,,
1920,22116,Grañén,1460,,,
1920,22117,Graus,6217,,,
1920,22119,Gurrea de Gállego,1866,,,
1920,22122,Hoz de Jaca,142,,,
1920,22124,Huerto,1082,,,
1920,22125,Huesca,16026,,,
1920,22126,Ibieca,373,,,
1920,22127,Igriés,411,,,
1920,22128,Ilche,779,,,
1920,22129,Isábena,1226,,,
1920,22130,Jaca,9209,,,
1920,22131,Jasa,525,,,
1920,22133,Labuerda,505,,,
1920,22135,Laluenga,863,,,
1920,22136,Lalueza,1020,,,
1920,22137,Lanaja,2088,,,
1920,22139,Laperdiguera,363,,,
1920,22141,Lascellas-Ponzano,871,,,
1920,22142,Lascuarre,553,,,
1920,22143,Laspaúles,1132,,,
1920,22144,Laspuña,566,,,
1920,22149,Loarre,1613,,,
1920,22150,Loporzano,2833,,,
1920,22151,Loscorrales,440,,,
1920,22155,Monesma y Cajigar,590,,,
1920,22156,Monflorite-Lascasas,428,,,
1920,22157,Montanuy,1381,,,
1920,22158,Monzón,5136,,,
1920,22160,Naval,1132,,,
1920,22162,Novales,460,,,
1920,22163,Nueno,1132,,,
1920,22164,Olvena,331,,,
1920,22165,Ontiñena,1927,,,
1920,22167,Osso de Cinca,885,,,
1920,22168,Palo,270,,,
1920,22170,Panticosa,931,,,
1920,22172,Peñalba,1307,,,
1920,22173,Peñas de Riglos Las,2429,,,
1920,22174,Peralta de Alcofea,2038,,,
1920,22175,Peralta de Calasanz,2361,,,
1920,22176,Peraltilla,498,,,
1920,22177,Perarrúa,661,,,
1920,22178,Pertusa,616,,,
1920,22181,Piracés,279,,,
1920,22182,Plan,1113,,,
1920,22184,Poleñino,523,,,
1920,22186,Pozán de Vero,791,,,
1920,22187,Puebla de Castro La,735,,,
1920,22188,Puente de Montañana,801,,,
1920,22189,Puértolas,1074,,,
1920,22190,Pueyo de Araguás El,503,,,
1920,22193,Pueyo de Santa Cruz,466,,,
1920,22195,Quicena,302,,,
1920,22197,Robres,1129,,,
1920,22199,Sabiñánigo,4828,,,
1920,22200,Sahún,686,,,
1920,22201,Salas Altas,1004,,,
1920,22202,Salas Bajas,587,,,
1920,22203,Salillas,374,,,
1920,22204,Sallent de Gállego,1387,,,
1920,22205,San Esteban de Litera,1836,,,
1920,22206,Sangarrén,614,,,
1920,22207,San Juan de Plan,383,,,
1920,22208,Santa Cilia,600,,,
1920,22209,Santa Cruz de la Serós,332,,,
1920,22212,Santaliestra y San Quílez,422,,,
1920,22213,Sariñena,4490,,,
1920,22214,Secastilla,845,,,
1920,22215,Seira,494,,,
1920,22217,Sena,1249,,,
1920,22218,Senés de Alcubierre,188,,,
1920,22220,Sesa,838,,,
1920,22221,Sesué,301,,,
1920,22222,Siétamo,1551,,,
1920,22223,Sopeira,724,,,
1920,22225,Tamarite de Litera,4488,,,
1920,22226,Tardienta,1925,,,
1920,22227,Tella-Sin,843,,,
1920,22228,Tierz,307,,,
1920,22229,Tolva,898,,,
1920,22230,Torla-Ordesa,886,,,
1920,22232,Torralba de Aragón,477,,,
1920,22233,Torre la Ribera,438,,,
1920,22234,Torrente de Cinca,1438,,,
1920,22235,Torres de Alcanadre,493,,,
1920,22236,Torres de Barbués,250,,,
1920,22239,Tramaced,119,,,
1920,22242,Valfarta,368,,,
1920,22243,Valle de Bardají,202,,,
1920,22244,Valle de Lierp,263,,,
1920,22245,Velilla de Cinca,1183,,,
1920,22246,Beranuy,659,,,
1920,22247,Viacamp y Litera,808,,,
1920,22248,Vicién,296,,,
1920,22249,Villanova,352,,,
1920,22250,Villanúa,847,,,
1920,22251,Villanueva de Sigena,972,,,
1920,22252,Yebra de Basa,926,,,
1920,22253,Yésero,293,,,
1920,22254,Zaidín,2100,,,
1920,22901,Valle de Hecho,2504,,,
1920,22902,Puente la Reina de Jaca,817,,,
1920,22903,San Miguel del Cinca,1902,,,
1920,22904,Sotonera La,3667,,,
1920,22905,Lupiñén-Ortilla,1211,,,
1920,22906,Santa María de Dulcis,583,,,
1920,22907,Aínsa-Sobrarbe,3715,,,
1920,22908,Hoz y Costeán,1313,,,
1930,22001,Abiego,1181,,,
1930,22002,Abizanda,437,,,
1930,22003,Adahuesca,545,,,
1930,22004,Agüero,1084,,,
1930,22006,Aísa,631,,,
1930,22007,Albalate de Cinca,1588,,,
1930,22008,Albalatillo,564,,,
1930,22009,Albelda,1271,,,
1930,22011,Albero Alto,298,,,
1930,22012,Albero Bajo,209,,,
1930,22013,Alberuela de Tubo,232,,,
1930,22014,Alcalá de Gurrea,1733,,,
1930,22015,Alcalá del Obispo,1290,,,
1930,22016,Alcampell,2250,,,
1930,22017,Alcolea de Cinca,2173,,,
1930,22018,Alcubierre,1298,,,
1930,22019,Alerre,208,,,
1930,22020,Alfántega,270,,,
1930,22021,Almudévar,3700,,,
1930,22022,Almunia de San Juan,1240,,,
1930,22023,Almuniente,581,,,
1930,22024,Alquézar,1038,,,
1930,22025,Altorricón,921,,,
1930,22027,Angüés,1649,,,
1930,22028,Ansó,1240,,,
1930,22029,Antillón,418,,,
1930,22032,Aragüés del Puerto,535,,,
1930,22035,Arén,1883,,,
1930,22036,Argavieso,309,,,
1930,22037,Arguis,518,,,
1930,22039,Ayerbe,2625,,,
1930,22040,Azanuy-Alins,1034,,,
1930,22041,Azara,487,,,
1930,22042,Azlor,501,,,
1930,22043,Baélls,673,,,
1930,22044,Bailo,1451,,,
1930,22045,Baldellou,588,,,
1930,22046,Ballobar,2230,,,
1930,22047,Banastás,126,,,
1930,22048,Barbastro,6561,,,
1930,22049,Barbués,259,,,
1930,22050,Barbuñales,390,,,
1930,22051,Bárcabo,747,,,
1930,22052,Belver de Cinca,1899,,,
1930,22053,Benabarre,2704,,,
1930,22054,Benasque,1215,,,
1930,22055,Berbegal,1059,,,
1930,22057,Bielsa,1346,,,
1930,22058,Bierge,1531,,,
1930,22059,Biescas,3320,,,
1930,22060,Binaced,2234,,,
1930,22061,Binéfar,3308,,,
1930,22062,Bisaurri,998,,,
1930,22063,Biscarrués,911,,,
1930,22064,Blecua y Torres,700,,,
1930,22066,Boltaña,1807,,,
1930,22067,Bonansa,375,,,
1930,22068,Borau,315,,,
1930,22069,Broto,1678,,,
1930,22072,Caldearenas,1256,,,
1930,22074,Campo,765,,,
1930,22075,Camporrells,804,,,
1930,22076,Canal de Berdún,1766,,,
1930,22077,Candasnos,907,,,
1930,22078,Canfranc,1696,,,
1930,22079,Capdesaso,449,,,
1930,22080,Capella,1025,,,
1930,22081,Casbas de Huesca,1909,,,
1930,22082,Castejón del Puente,419,,,
1930,22083,Castejón de Monegros,1407,,,
1930,22084,Castejón de Sos,706,,,
1930,22085,Castelflorite,251,,,
1930,22086,Castiello de Jaca,544,,,
1930,22087,Castigaleu,351,,,
1930,22088,Castillazuelo,636,,,
1930,22089,Castillonroy,831,,,
1930,22090,Colungo,612,,,
1930,22094,Chalamera,403,,,
1930,22095,Chía,300,,,
1930,22096,Chimillas,239,,,
1930,22099,Esplús,1099,,,
1930,22102,Estada,449,,,
1930,22103,Estadilla,1489,,,
1930,22105,Estopiñán del Castillo,1104,,,
1930,22106,Fago,359,,,
1930,22107,Fanlo,873,,,
1930,22109,Fiscal,2285,,,
1930,22110,Fonz,2126,,,
1930,22111,Foradada del Toscar,688,,,
1930,22112,Fraga,7480,,,
1930,22113,Fueva La,2629,,,
1930,22114,Gistaín,537,,,
1930,22115,Grado El,1453,,,
1930,22116,Grañén,1310,,,
1930,22117,Graus,5986,,,
1930,22119,Gurrea de Gállego,1813,,,
1930,22122,Hoz de Jaca,154,,,
1930,22124,Huerto,908,,,
1930,22125,Huesca,17383,,,
1930,22126,Ibieca,323,,,
1930,22127,Igriés,419,,,
1930,22128,Ilche,751,,,
1930,22129,Isábena,1174,,,
1930,22130,Jaca,10022,,,
1930,22131,Jasa,374,,,
1930,22133,Labuerda,459,,,
1930,22135,Laluenga,871,,,
1930,22136,Lalueza,1091,,,
1930,22137,Lanaja,2103,,,
1930,22139,Laperdiguera,342,,,
1930,22141,Lascellas-Ponzano,783,,,
1930,22142,Lascuarre,551,,,
1930,22143,Laspaúles,1121,,,
1930,22144,Laspuña,610,,,
1930,22149,Loarre,1352,,,
1930,22150,Loporzano,2533,,,
1930,22151,Loscorrales,570,,,
1930,22155,Monesma y Cajigar,569,,,
1930,22156,Monflorite-Lascasas,447,,,
1930,22157,Montanuy,1348,,,
1930,22158,Monzón,5460,,,
1930,22160,Naval,1001,,,
1930,22162,Novales,454,,,
1930,22163,Nueno,1130,,,
1930,22164,Olvena,297,,,
1930,22165,Ontiñena,1845,,,
1930,22167,Osso de Cinca,818,,,
1930,22168,Palo,241,,,
1930,22170,Panticosa,996,,,
1930,22172,Peñalba,1313,,,
1930,22173,Peñas de Riglos Las,2459,,,
1930,22174,Peralta de Alcofea,1819,,,
1930,22175,Peralta de Calasanz,2036,,,
1930,22176,Peraltilla,432,,,
1930,22177,Perarrúa,603,,,
1930,22178,Pertusa,527,,,
1930,22181,Piracés,265,,,
1930,22182,Plan,1007,,,
1930,22184,Poleñino,538,,,
1930,22186,Pozán de Vero,771,,,
1930,22187,Puebla de Castro La,686,,,
1930,22188,Puente de Montañana,733,,,
1930,22189,Puértolas,1020,,,
1930,22190,Pueyo de Araguás El,514,,,
1930,22193,Pueyo de Santa Cruz,468,,,
1930,22195,Quicena,289,,,
1930,22197,Robres,1217,,,
1930,22199,Sabiñánigo,5491,,,
1930,22200,Sahún,630,,,
1930,22201,Salas Altas,975,,,
1930,22202,Salas Bajas,581,,,
1930,22203,Salillas,354,,,
1930,22204,Sallent de Gállego,1312,,,
1930,22205,San Esteban de Litera,1698,,,
1930,22206,Sangarrén,619,,,
1930,22207,San Juan de Plan,301,,,
1930,22208,Santa Cilia,528,,,
1930,22209,Santa Cruz de la Serós,343,,,
1930,22212,Santaliestra y San Quílez,350,,,
1930,22213,Sariñena,3988,,,
1930,22214,Secastilla,786,,,
1930,22215,Seira,611,,,
1930,22217,Sena,1232,,,
1930,22218,Senés de Alcubierre,164,,,
1930,22220,Sesa,811,,,
1930,22221,Sesué,259,,,
1930,22222,Siétamo,1405,,,
1930,22223,Sopeira,721,,,
1930,22225,Tamarite de Litera,4359,,,
1930,22226,Tardienta,2243,,,
1930,22227,Tella-Sin,964,,,
1930,22228,Tierz,279,,,
1930,22229,Tolva,958,,,
1930,22230,Torla-Ordesa,892,,,
1930,22232,Torralba de Aragón,475,,,
1930,22233,Torre la Ribera,426,,,
1930,22234,Torrente de Cinca,1369,,,
1930,22235,Torres de Alcanadre,446,,,
1930,22236,Torres de Barbués,228,,,
1930,22239,Tramaced,132,,,
1930,22242,Valfarta,335,,,
1930,22243,Valle de Bardají,225,,,
1930,22244,Valle de Lierp,203,,,
1930,22245,Velilla de Cinca,1005,,,
1930,22246,Beranuy,585,,,
1930,22247,Viacamp y Litera,745,,,
1930,22248,Vicién,336,,,
1930,22249,Villanova,211,,,
1930,22250,Villanúa,682,,,
1930,22251,Villanueva de Sigena,875,,,
1930,22252,Yebra de Basa,867,,,
1930,22253,Yésero,254,,,
1930,22254,Zaidín,2051,,,
1930,22901,Valle de Hecho,2328,,,
1930,22902,Puente la Reina de Jaca,789,,,
1930,22903,San Miguel del Cinca,1795,,,
1930,22904,Sotonera La,3559,,,
1930,22905,Lupiñén-Ortilla,1300,,,
1930,22906,Santa María de Dulcis,553,,,
1930,22907,Aínsa-Sobrarbe,3479,,,
1930,22908,Hoz y Costeán,1151,,,
1940,22001,Abiego,1058,,,
1940,22002,Abizanda,402,,,
1940,22003,Adahuesca,513,,,
1940,22004,Agüero,1007,,,
1940,22006,Aísa,552,,,
1940,22007,Albalate de Cinca,1616,,,
1940,22008,Albalatillo,556,,,
1940,22009,Albelda,1410,,,
1940,22011,Albero Alto,271,,,
1940,22012,Albero Bajo,241,,,
1940,22013,Alberuela de Tubo,249,,,
1940,22014,Alcalá de Gurrea,1522,,,
1940,22015,Alcalá del Obispo,1179,,,
1940,22016,Alcampell,2166,,,
1940,22017,Alcolea de Cinca,2016,,,
1940,22018,Alcubierre,1208,,,
1940,22019,Alerre,180,,,
1940,22020,Alfántega,224,,,
1940,22021,Almudévar,3205,,,
1940,22022,Almunia de San Juan,1203,,,
1940,22023,Almuniente,553,,,
1940,22024,Alquézar,904,,,
1940,22025,Altorricón,1214,,,
1940,22027,Angüés,1445,,,
1940,22028,Ansó,1202,,,
1940,22029,Antillón,400,,,
1940,22032,Aragüés del Puerto,503,,,
1940,22035,Arén,1735,,,
1940,22036,Argavieso,306,,,
1940,22037,Arguis,415,,,
1940,22039,Ayerbe,2615,,,
1940,22040,Azanuy-Alins,926,,,
1940,22041,Azara,442,,,
1940,22042,Azlor,483,,,
1940,22043,Baélls,583,,,
1940,22044,Bailo,1381,,,
1940,22045,Baldellou,522,,,
1940,22046,Ballobar,2117,,,
1940,22047,Banastás,100,,,
1940,22048,Barbastro,7072,,,
1940,22049,Barbués,268,,,
1940,22050,Barbuñales,354,,,
1940,22051,Bárcabo,703,,,
1940,22052,Belver de Cinca,1974,,,
1940,22053,Benabarre,2441,,,
1940,22054,Benasque,984,,,
1940,22055,Berbegal,1069,,,
1940,22057,Bielsa,1113,,,
1940,22058,Bierge,1414,,,
1940,22059,Biescas,2734,,,
1940,22060,Binaced,2338,,,
1940,22061,Binéfar,3631,,,
1940,22062,Bisaurri,735,,,
1940,22063,Biscarrués,826,,,
1940,22064,Blecua y Torres,700,,,
1940,22066,Boltaña,1763,,,
1940,22067,Bonansa,367,,,
1940,22068,Borau,259,,,
1940,22069,Broto,1467,,,
1940,22072,Caldearenas,1139,,,
1940,22074,Campo,794,,,
1940,22075,Camporrells,691,,,
1940,22076,Canal de Berdún,1687,,,
1940,22077,Candasnos,1092,,,
1940,22078,Canfranc,1090,,,
1940,22079,Capdesaso,450,,,
1940,22080,Capella,910,,,
1940,22081,Casbas de Huesca,1698,,,
1940,22082,Castejón del Puente,395,,,
1940,22083,Castejón de Monegros,1532,,,
1940,22084,Castejón de Sos,708,,,
1940,22085,Castelflorite,270,,,
1940,22086,Castiello de Jaca,437,,,
1940,22087,Castigaleu,312,,,
1940,22088,Castillazuelo,673,,,
1940,22089,Castillonroy,769,,,
1940,22090,Colungo,521,,,
1940,22094,Chalamera,370,,,
1940,22095,Chía,328,,,
1940,22096,Chimillas,231,,,
1940,22099,Esplús,1005,,,
1940,22102,Estada,407,,,
1940,22103,Estadilla,1560,,,
1940,22105,Estopiñán del Castillo,1083,,,
1940,22106,Fago,306,,,
1940,22107,Fanlo,733,,,
1940,22109,Fiscal,2050,,,
1940,22110,Fonz,2077,,,
1940,22111,Foradada del Toscar,690,,,
1940,22112,Fraga,7120,,,
1940,22113,Fueva La,2606,,,
1940,22114,Gistaín,510,,,
1940,22115,Grado El,1373,,,
1940,22116,Grañén,1363,,,
1940,22117,Graus,6023,,,
1940,22119,Gurrea de Gállego,1790,,,
1940,22122,Hoz de Jaca,154,,,
1940,22124,Huerto,946,,,
1940,22125,Huesca,17500,,,
1940,22126,Ibieca,325,,,
1940,22127,Igriés,375,,,
1940,22128,Ilche,739,,,
1940,22129,Isábena,1162,,,
1940,22130,Jaca,9582,,,
1940,22131,Jasa,318,,,
1940,22133,Labuerda,447,,,
1940,22135,Laluenga,700,,,
1940,22136,Lalueza,1151,,,
1940,22137,Lanaja,2255,,,
1940,22139,Laperdiguera,309,,,
1940,22141,Lascellas-Ponzano,648,,,
1940,22142,Lascuarre,542,,,
1940,22143,Laspaúles,918,,,
1940,22144,Laspuña,594,,,
1940,22149,Loarre,1329,,,
1940,22150,Loporzano,2211,,,
1940,22151,Loscorrales,562,,,
1940,22155,Monesma y Cajigar,454,,,
1940,22156,Monflorite-Lascasas,445,,,
1940,22157,Montanuy,1296,,,
1940,22158,Monzón,5808,,,
1940,22160,Naval,982,,,
1940,22162,Novales,430,,,
1940,22163,Nueno,952,,,
1940,22164,Olvena,286,,,
1940,22165,Ontiñena,1705,,,
1940,22167,Osso de Cinca,817,,,
1940,22168,Palo,273,,,
1940,22170,Panticosa,887,,,
1940,22172,Peñalba,1361,,,
1940,22173,Peñas de Riglos Las,2233,,,
1940,22174,Peralta de Alcofea,1829,,,
1940,22175,Peralta de Calasanz,1880,,,
1940,22176,Peraltilla,430,,,
1940,22177,Perarrúa,616,,,
1940,22178,Pertusa,453,,,
1940,22181,Piracés,270,,,
1940,22182,Plan,871,,,
1940,22184,Poleñino,527,,,
1940,22186,Pozán de Vero,747,,,
1940,22187,Puebla de Castro La,660,,,
1940,22188,Puente de Montañana,669,,,
1940,22189,Puértolas,925,,,
1940,22190,Pueyo de Araguás El,504,,,
1940,22193,Pueyo de Santa Cruz,473,,,
1940,22195,Quicena,239,,,
1940,22197,Robres,1214,,,
1940,22199,Sabiñánigo,5497,,,
1940,22200,Sahún,525,,,
1940,22201,Salas Altas,907,,,
1940,22202,Salas Bajas,503,,,
1940,22203,Salillas,387,,,
1940,22204,Sallent de Gállego,1189,,,
1940,22205,San Esteban de Litera,1605,,,
1940,22206,Sangarrén,631,,,
1940,22207,San Juan de Plan,294,,,
1940,22208,Santa Cilia,511,,,
1940,22209,Santa Cruz de la Serós,341,,,
1940,22212,Santaliestra y San Quílez,373,,,
1940,22213,Sariñena,4107,,,
1940,22214,Secastilla,735,,,
1940,22215,Seira,508,,,
1940,22217,Sena,1154,,,
1940,22218,Senés de Alcubierre,174,,,
1940,22220,Sesa,770,,,
1940,22221,Sesué,269,,,
1940,22222,Siétamo,1089,,,
1940,22223,Sopeira,623,,,
1940,22225,Tamarite de Litera,4566,,,
1940,22226,Tardienta,1802,,,
1940,22227,Tella-Sin,794,,,
1940,22228,Tierz,295,,,
1940,22229,Tolva,840,,,
1940,22230,Torla-Ordesa,923,,,
1940,22232,Torralba de Aragón,454,,,
1940,22233,Torre la Ribera,476,,,
1940,22234,Torrente de Cinca,1315,,,
1940,22235,Torres de Alcanadre,401,,,
1940,22236,Torres de Barbués,233,,,
1940,22239,Tramaced,144,,,
1940,22242,Valfarta,296,,,
1940,22243,Valle de Bardají,203,,,
1940,22244,Valle de Lierp,208,,,
1940,22245,Velilla de Cinca,927,,,
1940,22246,Beranuy,595,,,
1940,22247,Viacamp y Litera,726,,,
1940,22248,Vicién,245,,,
1940,22249,Villanova,159,,,
1940,22250,Villanúa,585,,,
1940,22251,Villanueva de Sigena,791,,,
1940,22252,Yebra de Basa,741,,,
1940,22253,Yésero,248,,,
1940,22254,Zaidín,1990,,,
1940,22901,Valle de Hecho,2089,,,
1940,22902,Puente la Reina de Jaca,793,,,
1940,22903,San Miguel del Cinca,1683,,,
1940,22904,Sotonera La,3391,,,
1940,22905,Lupiñén-Ortilla,1276,,,
1940,22906,Santa María de Dulcis,556,,,
1940,22907,Aínsa-Sobrarbe,3331,,,
1940,22908,Hoz y Costeán,1086,,,
1940,22909,Vencillón,149,,,
1950,22001,Abiego,766,,,
1950,22002,Abizanda,387,,,
1950,22003,Adahuesca,423,,,
1950,22004,Agüero,785,,,
1950,22006,Aísa,468,,,
1950,22007,Albalate de Cinca,1398,,,
1950,22008,Albalatillo,486,,,
1950,22009,Albelda,1471,,,
1950,22011,Albero Alto,244,,,
1950,22012,Albero Bajo,233,,,
1950,22013,Alberuela de Tubo,262,,,
1950,22014,Alcalá de Gurrea,1342,,,
1950,22015,Alcalá del Obispo,1176,,,
1950,22016,Alcampell,1971,,,
1950,22017,Alcolea de Cinca,1748,,,
1950,22018,Alcubierre,1121,,,
1950,22019,Alerre,144,,,
1950,22020,Alfántega,246,,,
1950,22021,Almudévar,3265,,,
1950,22022,Almunia de San Juan,1206,,,
1950,22023,Almuniente,531,,,
1950,22024,Alquézar,705,,,
1950,22025,Altorricón,1587,,,
1950,22027,Angüés,1320,,,
1950,22028,Ansó,1010,,,
1950,22029,Antillón,359,,,
1950,22032,Aragüés del Puerto,501,,,
1950,22035,Arén,1534,,,
1950,22036,Argavieso,304,,,
1950,22037,Arguis,362,,,
1950,22039,Ayerbe,2506,,,
1950,22040,Azanuy-Alins,770,,,
1950,22041,Azara,371,,,
1950,22042,Azlor,398,,,
1950,22043,Baélls,535,,,
1950,22044,Bailo,1200,,,
1950,22045,Baldellou,402,,,
1950,22046,Ballobar,1665,,,
1950,22047,Banastás,70,,,
1950,22048,Barbastro,8341,,,
1950,22049,Barbués,245,,,
1950,22050,Barbuñales,324,,,
1950,22051,Bárcabo,643,,,
1950,22052,Belver de Cinca,1954,,,
1950,22053,Benabarre,2120,,,
1950,22054,Benasque,786,,,
1950,22055,Berbegal,907,,,
1950,22057,Bielsa,919,,,
1950,22058,Bierge,1133,,,
1950,22059,Biescas,2616,,,
1950,22060,Binaced,2300,,,
1950,22061,Binéfar,4571,,,
1950,22062,Bisaurri,625,,,
1950,22063,Biscarrués,727,,,
1950,22064,Blecua y Torres,646,,,
1950,22066,Boltaña,1566,,,
1950,22067,Bonansa,333,,,
1950,22068,Borau,224,,,
1950,22069,Broto,1429,,,
1950,22072,Caldearenas,1008,,,
1950,22074,Campo,783,,,
1950,22075,Camporrells,567,,,
1950,22076,Canal de Berdún,1446,,,
1950,22077,Candasnos,1052,,,
1950,22078,Canfranc,1054,,,
1950,22079,Capdesaso,409,,,
1950,22080,Capella,779,,,
1950,22081,Casbas de Huesca,1379,,,
1950,22082,Castejón del Puente,335,,,
1950,22083,Castejón de Monegros,1448,,,
1950,22084,Castejón de Sos,661,,,
1950,22085,Castelflorite,210,,,
1950,22086,Castiello de Jaca,438,,,
1950,22087,Castigaleu,272,,,
1950,22088,Castillazuelo,542,,,
1950,22089,Castillonroy,740,,,
1950,22090,Colungo,424,,,
1950,22094,Chalamera,334,,,
1950,22095,Chía,251,,,
1950,22096,Chimillas,234,,,
1950,22099,Esplús,1096,,,
1950,22102,Estada,441,,,
1950,22103,Estadilla,1478,,,
1950,22105,Estopiñán del Castillo,833,,,
1950,22106,Fago,221,,,
1950,22107,Fanlo,626,,,
1950,22109,Fiscal,1787,,,
1950,22110,Fonz,2014,,,
1950,22111,Foradada del Toscar,617,,,
1950,22112,Fraga,7750,,,
1950,22113,Fueva La,2565,,,
1950,22114,Gistaín,381,,,
1950,22115,Grado El,1063,,,
1950,22116,Grañén,1670,,,
1950,22117,Graus,5151,,,
1950,22119,Gurrea de Gállego,2266,,,
1950,22122,Hoz de Jaca,136,,,
1950,22124,Huerto,807,,,
1950,22125,Huesca,21066,,,
1950,22126,Ibieca,300,,,
1950,22127,Igriés,336,,,
1950,22128,Ilche,627,,,
1950,22129,Isábena,1070,,,
1950,22130,Jaca,10603,,,
1950,22131,Jasa,245,,,
1950,22133,Labuerda,338,,,
1950,22135,Laluenga,597,,,
1950,22136,Lalueza,1082,,,
1950,22137,Lanaja,1980,,,
1950,22139,Laperdiguera,270,,,
1950,22141,Lascellas-Ponzano,564,,,
1950,22142,Lascuarre,452,,,
1950,22143,Laspaúles,793,,,
1950,22144,Laspuña,535,,,
1950,22149,Loarre,1026,,,
1950,22150,Loporzano,1818,,,
1950,22151,Loscorrales,429,,,
1950,22155,Monesma y Cajigar,424,,,
1950,22156,Monflorite-Lascasas,447,,,
1950,22157,Montanuy,1090,,,
1950,22158,Monzón,6362,,,
1950,22160,Naval,846,,,
1950,22162,Novales,408,,,
1950,22163,Nueno,817,,,
1950,22164,Olvena,229,,,
1950,22165,Ontiñena,1427,,,
1950,22167,Osso de Cinca,895,,,
1950,22168,Palo,245,,,
1950,22170,Panticosa,763,,,
1950,22172,Peñalba,1062,,,
1950,22173,Peñas de Riglos Las,1816,,,
1950,22174,Peralta de Alcofea,1553,,,
1950,22175,Peralta de Calasanz,1638,,,
1950,22176,Peraltilla,305,,,
1950,22177,Perarrúa,603,,,
1950,22178,Pertusa,380,,,
1950,22181,Piracés,245,,,
1950,22182,Plan,740,,,
1950,22184,Poleñino,490,,,
1950,22186,Pozán de Vero,637,,,
1950,22187,Puebla de Castro La,547,,,
1950,22188,Puente de Montañana,585,,,
1950,22189,Puértolas,835,,,
1950,22190,Pueyo de Araguás El,458,,,
1950,22193,Pueyo de Santa Cruz,522,,,
1950,22195,Quicena,251,,,
1950,22197,Robres,981,,,
1950,22199,Sabiñánigo,5606,,,
1950,22200,Sahún,474,,,
1950,22201,Salas Altas,794,,,
1950,22202,Salas Bajas,393,,,
1950,22203,Salillas,364,,,
1950,22204,Sallent de Gállego,1424,,,
1950,22205,San Esteban de Litera,1566,,,
1950,22206,Sangarrén,508,,,
1950,22207,San Juan de Plan,260,,,
1950,22208,Santa Cilia,513,,,
1950,22209,Santa Cruz de la Serós,317,,,
1950,22212,Santaliestra y San Quílez,392,,,
1950,22213,Sariñena,3787,,,
1950,22214,Secastilla,593,,,
1950,22215,Seira,447,,,
1950,22217,Sena,1052,,,
1950,22218,Senés de Alcubierre,154,,,
1950,22220,Sesa,698,,,
1950,22221,Sesué,181,,,
1950,22222,Siétamo,979,,,
1950,22223,Sopeira,558,,,
1950,22225,Tamarite de Litera,4594,,,
1950,22226,Tardienta,1792,,,
1950,22227,Tella-Sin,738,,,
1950,22228,Tierz,271,,,
1950,22229,Tolva,668,,,
1950,22230,Torla-Ordesa,814,,,
1950,22232,Torralba de Aragón,334,,,
1950,22233,Torre la Ribera,412,,,
1950,22234,Torrente de Cinca,1454,,,
1950,22235,Torres de Alcanadre,332,,,
1950,22236,Torres de Barbués,200,,,
1950,22239,Tramaced,175,,,
1950,22242,Valfarta,214,,,
1950,22243,Valle de Bardají,184,,,
1950,22244,Valle de Lierp,197,,,
1950,22245,Velilla de Cinca,852,,,
1950,22246,Beranuy,579,,,
1950,22247,Viacamp y Litera,573,,,
1950,22248,Vicién,287,,,
1950,22249,Villanova,127,,,
1950,22250,Villanúa,551,,,
1950,22251,Villanueva de Sigena,730,,,
1950,22252,Yebra de Basa,670,,,
1950,22253,Yésero,201,,,
1950,22254,Zaidín,2072,,,
1950,22901,Valle de Hecho,1929,,,
1950,22902,Puente la Reina de Jaca,664,,,
1950,22903,San Miguel del Cinca,1542,,,
1950,22904,Sotonera La,3024,,,
1950,22905,Lupiñén-Ortilla,1176,,,
1950,22906,Santa María de Dulcis,546,,,
1950,22907,Aínsa-Sobrarbe,3024,,,
1950,22908,Hoz y Costeán,867,,,
1950,22909,Vencillón,147,,,
1960,22001,Abiego,614,,,
1960,22002,Abizanda,305,,,
1960,22003,Adahuesca,332,,,
1960,22004,Agüero,504,,,
1960,22006,Aísa,385,,,
1960,22007,Albalate de Cinca,1388,,,
1960,22008,Albalatillo,453,,,
1960,22009,Albelda,1432,,,
1960,22011,Albero Alto,185,,,
1960,22012,Albero Bajo,212,,,
1960,22013,Alberuela de Tubo,267,,,
1960,22014,Alcalá de Gurrea,1125,,,
1960,22015,Alcalá del Obispo,914,,,
1960,22016,Alcampell,1709,,,
1960,22017,Alcolea de Cinca,1552,,,
1960,22018,Alcubierre,1003,,,
1960,22019,Alerre,144,,,
1960,22020,Alfántega,208,,,
1960,22021,Almudévar,3373,,,
1960,22022,Almunia de San Juan,1157,,,
1960,22023,Almuniente,960,,,
1960,22024,Alquézar,609,,,
1960,22025,Altorricón,1730,,,
1960,22027,Angüés,1068,,,
1960,22028,Ansó,835,,,
1960,22029,Antillón,298,,,
1960,22032,Aragüés del Puerto,309,,,
1960,22035,Arén,1314,,,
1960,22036,Argavieso,237,,,
1960,22037,Arguis,245,,,
1960,22039,Ayerbe,2256,,,
1960,22040,Azanuy-Alins,612,,,
1960,22041,Azara,365,,,
1960,22042,Azlor,352,,,
1960,22043,Baélls,444,,,
1960,22044,Bailo,966,,,
1960,22045,Baldellou,330,,,
1960,22046,Ballobar,1530,,,
1960,22047,Banastás,152,,,
1960,22048,Barbastro,10227,,,
1960,22049,Barbués,239,,,
1960,22050,Barbuñales,257,,,
1960,22051,Bárcabo,498,,,
1960,22052,Belver de Cinca,1991,,,
1960,22053,Benabarre,1857,,,
1960,22054,Benasque,941,,,
1960,22055,Berbegal,773,,,
1960,22057,Bielsa,748,,,
1960,22058,Bierge,883,,,
1960,22059,Biescas,2180,,,
1960,22060,Binaced,2223,,,
1960,22061,Binéfar,5594,,,
1960,22062,Bisaurri,561,,,
1960,22063,Biscarrués,581,,,
1960,22064,Blecua y Torres,539,,,
1960,22066,Boltaña,1381,,,
1960,22067,Bonansa,276,,,
1960,22068,Borau,190,,,
1960,22069,Broto,1083,,,
1960,22072,Caldearenas,866,,,
1960,22074,Campo,715,,,
1960,22075,Camporrells,808,,,
1960,22076,Canal de Berdún,1077,,,
1960,22077,Candasnos,890,,,
1960,22078,Canfranc,1105,,,
1960,22079,Capdesaso,340,,,
1960,22080,Capella,689,,,
1960,22081,Casbas de Huesca,1124,,,
1960,22082,Castejón del Puente,396,,,
1960,22083,Castejón de Monegros,1487,,,
1960,22084,Castejón de Sos,605,,,
1960,22085,Castelflorite,191,,,
1960,22086,Castiello de Jaca,405,,,
1960,22087,Castigaleu,228,,,
1960,22088,Castillazuelo,448,,,
1960,22089,Castillonroy,693,,,
1960,22090,Colungo,375,,,
1960,22094,Chalamera,280,,,
1960,22095,Chía,212,,,
1960,22096,Chimillas,229,,,
1960,22099,Esplús,1115,,,
1960,22102,Estada,433,,,
1960,22103,Estadilla,1403,,,
1960,22105,Estopiñán del Castillo,1222,,,
1960,22106,Fago,186,,,
1960,22107,Fanlo,543,,,
1960,22109,Fiscal,1527,,,
1960,22110,Fonz,1888,,,
1960,22111,Foradada del Toscar,513,,,
1960,22112,Fraga,8791,,,
1960,22113,Fueva La,1956,,,
1960,22114,Gistaín,360,,,
1960,22115,Grado El,1367,,,
1960,22116,Grañén,2622,,,
1960,22117,Graus,4747,,,
1960,22119,Gurrea de Gállego,2579,,,
1960,22122,Hoz de Jaca,113,,,
1960,22124,Huerto,691,,,
1960,22125,Huesca,23601,,,
1960,22126,Ibieca,260,,,
1960,22127,Igriés,274,,,
1960,22128,Ilche,476,,,
1960,22129,Isábena,831,,,
1960,22130,Jaca,10265,,,
1960,22131,Jasa,220,,,
1960,22133,Labuerda,309,,,
1960,22135,Laluenga,501,,,
1960,22136,Lalueza,1217,,,
1960,22137,Lanaja,2159,,,
1960,22139,Laperdiguera,214,,,
1960,22141,Lascellas-Ponzano,483,,,
1960,22142,Lascuarre,351,,,
1960,22143,Laspaúles,683,,,
1960,22144,Laspuña,515,,,
1960,22149,Loarre,984,,,
1960,22150,Loporzano,1347,,,
1960,22151,Loscorrales,373,,,
1960,22155,Monesma y Cajigar,303,,,
1960,22156,Monflorite-Lascasas,384,,,
1960,22157,Montanuy,972,,,
1960,22158,Monzón,9825,,,
1960,22160,Naval,761,,,
1960,22162,Novales,302,,,
1960,22163,Nueno,642,,,
1960,22164,Olvena,225,,,
1960,22165,Ontiñena,1174,,,
1960,22167,Osso de Cinca,880,,,
1960,22168,Palo,171,,,
1960,22170,Panticosa,712,,,
1960,22172,Peñalba,893,,,
1960,22173,Peñas de Riglos Las,1467,,,
1960,22174,Peralta de Alcofea,1305,,,
1960,22175,Peralta de Calasanz,1297,,,
1960,22176,Peraltilla,266,,,
1960,22177,Perarrúa,428,,,
1960,22178,Pertusa,328,,,
1960,22181,Piracés,208,,,
1960,22182,Plan,640,,,
1960,22184,Poleñino,484,,,
1960,22186,Pozán de Vero,460,,,
1960,22187,Puebla de Castro La,599,,,
1960,22188,Puente de Montañana,579,,,
1960,22189,Puértolas,741,,,
1960,22190,Pueyo de Araguás El,378,,,
1960,22193,Pueyo de Santa Cruz,563,,,
1960,22195,Quicena,238,,,
1960,22197,Robres,1008,,,
1960,22199,Sabiñánigo,7793,,,
1960,22200,Sahún,546,,,
1960,22201,Salas Altas,659,,,
1960,22202,Salas Bajas,325,,,
1960,22203,Salillas,257,,,
1960,22204,Sallent de Gállego,1063,,,
1960,22205,San Esteban de Litera,1301,,,
1960,22206,Sangarrén,474,,,
1960,22207,San Juan de Plan,236,,,
1960,22208,Santa Cilia,421,,,
1960,22209,Santa Cruz de la Serós,252,,,
1960,22212,Santaliestra y San Quílez,274,,,
1960,22213,Sariñena,3993,,,
1960,22214,Secastilla,497,,,
1960,22215,Seira,402,,,
1960,22217,Sena,1033,,,
1960,22218,Senés de Alcubierre,138,,,
1960,22220,Sesa,492,,,
1960,22221,Sesué,142,,,
1960,22222,Siétamo,783,,,
1960,22223,Sopeira,470,,,
1960,22225,Tamarite de Litera,4787,,,
1960,22226,Tardienta,1829,,,
1960,22227,Tella-Sin,617,,,
1960,22228,Tierz,250,,,
1960,22229,Tolva,617,,,
1960,22230,Torla-Ordesa,612,,,
1960,22232,Torralba de Aragón,394,,,
1960,22233,Torre la Ribera,397,,,
1960,22234,Torrente de Cinca,1793,,,
1960,22235,Torres de Alcanadre,276,,,
1960,22236,Torres de Barbués,189,,,
1960,22239,Tramaced,203,,,
1960,22242,Valfarta,152,,,
1960,22243,Valle de Bardají,131,,,
1960,22244,Valle de Lierp,173,,,
1960,22245,Velilla de Cinca,788,,,
1960,22246,Beranuy,462,,,
1960,22247,Viacamp y Litera,274,,,
1960,22248,Vicién,283,,,
1960,22249,Villanova,190,,,
1960,22250,Villanúa,446,,,
1960,22251,Villanueva de Sigena,679,,,
1960,22252,Yebra de Basa,490,,,
1960,22253,Yésero,194,,,
1960,22254,Zaidín,2132,,,
1960,22901,Valle de Hecho,1761,,,
1960,22902,Puente la Reina de Jaca,518,,,
1960,22903,San Miguel del Cinca,1298,,,
1960,22904,Sotonera La,2418,,,
1960,22905,Lupiñén-Ortilla,916,,,
1960,22906,Santa María de Dulcis,446,,,
1960,22907,Aínsa-Sobrarbe,2502,,,
1960,22908,Hoz y Costeán,747,,,
1960,22909,Vencillón,88,,,
1970,22001,Abiego,465,,,
1970,22002,Abizanda,195,,,
1970,22003,Adahuesca,258,,,
1970,22004,Agüero,303,,,
1970,22006,Aísa,263,,,
1970,22007,Albalate de Cinca,1262,,,
1970,22008,Albalatillo,362,,,
1970,22009,Albelda,1271,,,
1970,22011,Albero Alto,170,,,
1970,22012,Albero Bajo,180,,,
1970,22013,Alberuela de Tubo,535,,,
1970,22014,Alcalá de Gurrea,764,,,
1970,22015,Alcalá del Obispo,577,,,
1970,22016,Alcampell,1524,,,
1970,22017,Alcolea de Cinca,1591,,,
1970,22018,Alcubierre,788,,,
1970,22019,Alerre,115,,,
1970,22020,Alfántega,163,,,
1970,22021,Almudévar,3049,,,
1970,22022,Almunia de San Juan,994,,,
1970,22023,Almuniente,799,,,
1970,22024,Alquézar,402,,,
1970,22025,Altorricón,1699,,,
1970,22027,Angüés,825,,,
1970,22028,Ansó,707,,,
1970,22029,Antillón,224,,,
1970,22032,Aragüés del Puerto,217,,,
1970,22035,Arén,1209,,,
1970,22036,Argavieso,174,,,
1970,22037,Arguis,89,,,
1970,22039,Ayerbe,1893,,,
1970,22040,Azanuy-Alins,426,,,
1970,22041,Azara,312,,,
1970,22042,Azlor,291,,,
1970,22043,Baélls,315,,,
1970,22044,Bailo,571,,,
1970,22045,Baldellou,277,,,
1970,22046,Ballobar,1365,,,
1970,22047,Banastás,120,,,
1970,22048,Barbastro,12959,,,
1970,22049,Barbués,192,,,
1970,22050,Barbuñales,171,,,
1970,22051,Bárcabo,291,,,
1970,22052,Belver de Cinca,1896,,,
1970,22053,Benabarre,1542,,,
1970,22054,Benasque,738,,,
1970,22055,Berbegal,709,,,
1970,22057,Bielsa,654,,,
1970,22058,Bierge,433,,,
1970,22059,Biescas,1609,,,
1970,22060,Binaced,1937,,,
1970,22061,Binéfar,6925,,,
1970,22062,Bisaurri,427,,,
1970,22063,Biscarrués,376,,,
1970,22064,Blecua y Torres,391,,,
1970,22066,Boltaña,992,,,
1970,22067,Bonansa,118,,,
1970,22068,Borau,122,,,
1970,22069,Broto,679,,,
1970,22072,Caldearenas,494,,,
1970,22074,Campo,524,,,
1970,22075,Camporrells,500,,,
1970,22076,Canal de Berdún,745,,,
1970,22077,Candasnos,830,,,
1970,22078,Canfranc,1027,,,
1970,22079,Capdesaso,274,,,
1970,22080,Capella,563,,,
1970,22081,Casbas de Huesca,674,,,
1970,22082,Castejón del Puente,444,,,
1970,22083,Castejón de Monegros,1016,,,
1970,22084,Castejón de Sos,459,,,
1970,22085,Castelflorite,175,,,
1970,22086,Castiello de Jaca,262,,,
1970,22087,Castigaleu,150,,,
1970,22088,Castillazuelo,434,,,
1970,22089,Castillonroy,584,,,
1970,22090,Colungo,275,,,
1970,22094,Chalamera,252,,,
1970,22095,Chía,188,,,
1970,22096,Chimillas,178,,,
1970,22099,Esplús,1071,,,
1970,22102,Estada,328,,,
1970,22103,Estadilla,1160,,,
1970,22105,Estopiñán del Castillo,476,,,
1970,22106,Fago,107,,,
1970,22107,Fanlo,157,,,
1970,22109,Fiscal,489,,,
1970,22110,Fonz,1705,,,
1970,22111,Foradada del Toscar,364,,,
1970,22112,Fraga,10134,,,
1970,22113,Fueva La,1095,,,
1970,22114,Gistaín,291,,,
1970,22115,Grado El,821,,,
1970,22116,Grañén,2649,,,
1970,22117,Graus,3910,,,
1970,22119,Gurrea de Gállego,2292,,,
1970,22122,Hoz de Jaca,105,,,
1970,22124,Huerto,505,,,
1970,22125,Huesca,32119,,,
1970,22126,Ibieca,168,,,
1970,22127,Igriés,190,,,
1970,22128,Ilche,421,,,
1970,22129,Isábena,507,,,
1970,22130,Jaca,10051,,,
1970,22131,Jasa,144,,,
1970,22133,Labuerda,282,,,
1970,22135,Laluenga,396,,,
1970,22136,Lalueza,1655,,,
1970,22137,Lanaja,2213,,,
1970,22139,Laperdiguera,126,,,
1970,22141,Lascellas-Ponzano,301,,,
1970,22142,Lascuarre,242,,,
1970,22143,Laspaúles,505,,,
1970,22144,Laspuña,392,,,
1970,22149,Loarre,625,,,
1970,22150,Loporzano,776,,,
1970,22151,Loscorrales,181,,,
1970,22155,Monesma y Cajigar,183,,,
1970,22156,Monflorite-Lascasas,313,,,
1970,22157,Montanuy,603,,,
1970,22158,Monzón,14670,,,
1970,22160,Naval,387,,,
1970,22162,Novales,281,,,
1970,22163,Nueno,350,,,
1970,22164,Olvena,96,,,
1970,22165,Ontiñena,926,,,
1970,22167,Osso de Cinca,835,,,
1970,22168,Palo,58,,,
1970,22170,Panticosa,537,,,
1970,22172,Peñalba,841,,,
1970,22173,Peñas de Riglos Las,698,,,
1970,22174,Peralta de Alcofea,1040,,,
1970,22175,Peralta de Calasanz,1090,,,
1970,22176,Peraltilla,248,,,
1970,22177,Perarrúa,240,,,
1970,22178,Pertusa,204,,,
1970,22181,Piracés,158,,,
1970,22182,Plan,548,,,
1970,22184,Poleñino,374,,,
1970,22186,Pozán de Vero,391,,,
1970,22187,Puebla de Castro La,442,,,
1970,22188,Puente de Montañana,270,,,
1970,22189,Puértolas,323,,,
1970,22190,Pueyo de Araguás El,257,,,
1970,22193,Pueyo de Santa Cruz,545,,,
1970,22195,Quicena,174,,,
1970,22197,Robres,1007,,,
1970,22199,Sabiñánigo,8367,,,
1970,22200,Sahún,379,,,
1970,22201,Salas Altas,586,,,
1970,22202,Salas Bajas,294,,,
1970,22203,Salillas,202,,,
1970,22204,Sallent de Gállego,1212,,,
1970,22205,San Esteban de Litera,951,,,
1970,22206,Sangarrén,429,,,
1970,22207,San Juan de Plan,205,,,
1970,22208,Santa Cilia,307,,,
1970,22209,Santa Cruz de la Serós,164,,,
1970,22212,Santaliestra y San Quílez,141,,,
1970,22213,Sariñena,4209,,,
1970,22214,Secastilla,345,,,
1970,22215,Seira,309,,,
1970,22217,Sena,894,,,
1970,22218,Senés de Alcubierre,105,,,
1970,22220,Sesa,403,,,
1970,22221,Sesué,114,,,
1970,22222,Siétamo,549,,,
1970,22223,Sopeira,415,,,
1970,22225,Tamarite de Litera,4742,,,
1970,22226,Tardienta,1504,,,
1970,22227,Tella-Sin,451,,,
1970,22228,Tierz,270,,,
1970,22229,Tolva,417,,,
1970,22230,Torla-Ordesa,444,,,
1970,22232,Torralba de Aragón,240,,,
1970,22233,Torre la Ribera,221,,,
1970,22234,Torrente de Cinca,1524,,,
1970,22235,Torres de Alcanadre,208,,,
1970,22236,Torres de Barbués,544,,,
1970,22239,Tramaced,189,,,
1970,22242,Valfarta,151,,,
1970,22243,Valle de Bardají,101,,,
1970,22244,Valle de Lierp,99,,,
1970,22245,Velilla de Cinca,679,,,
1970,22246,Beranuy,248,,,
1970,22247,Viacamp y Litera,85,,,
1970,22248,Vicién,194,,,
1970,22249,Villanova,131,,,
1970,22250,Villanúa,323,,,
1970,22251,Villanueva de Sigena,613,,,
1970,22252,Yebra de Basa,222,,,
1970,22253,Yésero,141,,,
1970,22254,Zaidín,2008,,,
1970,22901,Valle de Hecho,1369,,,
1970,22902,Puente la Reina de Jaca,372,,,
1970,22903,San Miguel del Cinca,1122,,,
1970,22904,Sotonera La,1874,,,
1970,22905,Lupiñén-Ortilla,674,,,
1970,22906,Santa María de Dulcis,350,,,
1970,22907,Aínsa-Sobrarbe,1722,,,
1970,22908,Hoz y Costeán,498,,,
1970,22909,Vencillón,456,,,
1981,22001,Abiego,357,,,
1981,22002,Abizanda,134,,,
1981,22003,Adahuesca,183,,,
1981,22004,Agüero,238,,,
1981,22006,Aísa,273,,,
1981,22007,Albalate de Cinca,1238,,,
1981,22008,Albalatillo,308,,,
1981,22009,Albelda,1160,,,
1981,22011,Albero Alto,131,,,
1981,22012,Albero Bajo,163,,,
1981,22013,Alberuela de Tubo,465,,,
1981,22014,Alcalá de Gurrea,523,,,
1981,22015,Alcalá del Obispo,446,,,
1981,22016,Alcampell,1269,,,
1981,22017,Alcolea de Cinca,1317,,,
1981,22018,Alcubierre,676,,,
1981,22019,Alerre,128,,,
1981,22020,Alfántega,143,,,
1981,22021,Almudévar,2683,,,
1981,22022,Almunia de San Juan,809,,,
1981,22023,Almuniente,703,,,
1981,22024,Alquézar,306,,,
1981,22025,Altorricón,1653,,,
1981,22027,Angüés,678,,,
1981,22028,Ansó,548,,,
1981,22029,Antillón,191,,,
1981,22032,Aragüés del Puerto,168,,,
1981,22035,Arén,504,,,
1981,22036,Argavieso,134,,,
1981,22037,Arguis,52,,,
1981,22039,Ayerbe,1484,,,
1981,22040,Azanuy-Alins,308,,,
1981,22041,Azara,269,,,
1981,22042,Azlor,229,,,
1981,22043,Baélls,226,,,
1981,22044,Bailo,404,,,
1981,22045,Baldellou,206,,,
1981,22046,Ballobar,1253,,,
1981,22047,Banastás,84,,,
1981,22048,Barbastro,14536,,,
1981,22049,Barbués,140,,,
1981,22050,Barbuñales,121,,,
1981,22051,Bárcabo,110,,,
1981,22052,Belver de Cinca,1687,,,
1981,22053,Benabarre,1364,,,
1981,22054,Benasque,765,,,
1981,22055,Berbegal,586,,,
1981,22057,Bielsa,475,,,
1981,22058,Bierge,257,,,
1981,22059,Biescas,1293,,,
1981,22060,Binaced,1734,,,
1981,22061,Binéfar,7783,,,
1981,22062,Bisaurri,300,,,
1981,22063,Biscarrués,290,,,
1981,22064,Blecua y Torres,240,,,
1981,22066,Boltaña,919,,,
1981,22067,Bonansa,66,,,
1981,22068,Borau,84,,,
1981,22069,Broto,509,,,
1981,22072,Caldearenas,339,,,
1981,22074,Campo,434,,,
1981,22075,Camporrells,374,,,
1981,22076,Canal de Berdún,550,,,
1981,22077,Candasnos,743,,,
1981,22078,Canfranc,608,,,
1981,22079,Capdesaso,225,,,
1981,22080,Capella,534,,,
1981,22081,Casbas de Huesca,406,,,
1981,22082,Castejón del Puente,457,,,
1981,22083,Castejón de Monegros,907,,,
1981,22084,Castejón de Sos,443,,,
1981,22085,Castelflorite,194,,,
1981,22086,Castiello de Jaca,168,,,
1981,22087,Castigaleu,111,,,
1981,22088,Castillazuelo,305,,,
1981,22089,Castillonroy,465,,,
1981,22090,Colungo,179,,,
1981,22094,Chalamera,201,,,
1981,22095,Chía,150,,,
1981,22096,Chimillas,166,,,
1981,22099,Esplús,1079,,,
1981,22102,Estada,254,,,
1981,22103,Estadilla,1126,,,
1981,22105,Estopiñán del Castillo,219,,,
1981,22106,Fago,53,,,
1981,22107,Fanlo,62,,,
1981,22109,Fiscal,346,,,
1981,22110,Fonz,1394,,,
1981,22111,Foradada del Toscar,304,,,
1981,22112,Fraga,11186,,,
1981,22113,Fueva La,830,,,
1981,22114,Gistaín,244,,,
1981,22115,Grado El,670,,,
1981,22116,Grañén,2482,,,
1981,22117,Graus,3546,,,
1981,22119,Gurrea de Gállego,2181,,,
1981,22122,Hoz de Jaca,94,,,
1981,22124,Huerto,390,,,
1981,22125,Huesca,41455,,,
1981,22126,Ibieca,136,,,
1981,22127,Igriés,159,,,
1981,22128,Ilche,332,,,
1981,22129,Isábena,347,,,
1981,22130,Jaca,11076,,,
1981,22131,Jasa,125,,,
1981,22133,Labuerda,183,,,
1981,22135,Laluenga,330,,,
1981,22136,Lalueza,1558,,,
1981,22137,Lanaja,1963,,,
1981,22139,Laperdiguera,121,,,
1981,22141,Lascellas-Ponzano,219,,,
1981,22142,Lascuarre,200,,,
1981,22143,Laspaúles,353,,,
1981,22144,Laspuña,315,,,
1981,22149,Loarre,450,,,
1981,22150,Loporzano,488,,,
1981,22151,Loscorrales,158,,,
1981,22155,Monesma y Cajigar,130,,,
1981,22156,Monflorite-Lascasas,211,,,
1981,22157,Montanuy,422,,,
1981,22158,Monzón,14861,,,
1981,22160,Naval,303,,,
1981,22162,Novales,250,,,
1981,22163,Nueno,238,,,
1981,22164,Olvena,63,,,
1981,22165,Ontiñena,746,,,
1981,22167,Osso de Cinca,798,,,
1981,22168,Palo,51,,,
1981,22170,Panticosa,509,,,
1981,22172,Peñalba,814,,,
1981,22173,Peñas de Riglos Las,392,,,
1981,22174,Peralta de Alcofea,868,,,
1981,22175,Peralta de Calasanz,592,,,
1981,22176,Peraltilla,203,,,
1981,22177,Perarrúa,192,,,
1981,22178,Pertusa,160,,,
1981,22181,Piracés,116,,,
1981,22182,Plan,325,,,
1981,22184,Poleñino,327,,,
1981,22186,Pozán de Vero,311,,,
1981,22187,Puebla de Castro La,348,,,
1981,22188,Puente de Montañana,166,,,
1981,22189,Puértolas,205,,,
1981,22190,Pueyo de Araguás El,178,,,
1981,22193,Pueyo de Santa Cruz,438,,,
1981,22195,Quicena,132,,,
1981,22197,Robres,805,,,
1981,22199,Sabiñánigo,9097,,,
1981,22200,Sahún,336,,,
1981,22201,Salas Altas,494,,,
1981,22202,Salas Bajas,255,,,
1981,22203,Salillas,172,,,
1981,22204,Sallent de Gállego,924,,,
1981,22205,San Esteban de Litera,835,,,
1981,22206,Sangarrén,337,,,
1981,22207,San Juan de Plan,177,,,
1981,22208,Santa Cilia,214,,,
1981,22209,Santa Cruz de la Serós,144,,,
1981,22212,Santaliestra y San Quílez,117,,,
1981,22213,Sariñena,4338,,,
1981,22214,Secastilla,240,,,
1981,22215,Seira,255,,,
1981,22217,Sena,764,,,
1981,22218,Senés de Alcubierre,80,,,
1981,22220,Sesa,341,,,
1981,22221,Sesué,77,,,
1981,22222,Siétamo,384,,,
1981,22223,Sopeira,151,,,
1981,22225,Tamarite de Litera,4269,,,
1981,22226,Tardienta,1372,,,
1981,22227,Tella-Sin,422,,,
1981,22228,Tierz,219,,,
1981,22229,Tolva,299,,,
1981,22230,Torla-Ordesa,369,,,
1981,22232,Torralba de Aragón,184,,,
1981,22233,Torre la Ribera,118,,,
1981,22234,Torrente de Cinca,1261,,,
1981,22235,Torres de Alcanadre,149,,,
1981,22236,Torres de Barbués,492,,,
1981,22239,Tramaced,161,,,
1981,22242,Valfarta,124,,,
1981,22243,Valle de Bardají,76,,,
1981,22244,Valle de Lierp,73,,,
1981,22245,Velilla de Cinca,583,,,
1981,22246,Beranuy,141,,,
1981,22247,Viacamp y Litera,51,,,
1981,22248,Vicién,143,,,
1981,22249,Villanova,121,,,
1981,22250,Villanúa,265,,,
1981,22251,Villanueva de Sigena,549,,,
1981,22252,Yebra de Basa,184,,,
1981,22253,Yésero,61,,,
1981,22254,Zaidín,1857,,,
1981,22901,Valle de Hecho,1143,,,
1981,22902,Puente la Reina de Jaca,320,,,
1981,22903,San Miguel del Cinca,1013,,,
1981,22904,Sotonera La,1470,,,
1981,22905,Lupiñén-Ortilla,452,,,
1981,22906,Santa María de Dulcis,269,,,
1981,22907,Aínsa-Sobrarbe,1237,,,
1981,22908,Hoz y Costeán,342,,,
1981,22909,Vencillón,542,,,
1991,22001,Abiego,320,,,
1991,22002,Abizanda,129,,,
1991,22003,Adahuesca,174,,,
1991,22004,Agüero,168,,,
1991,22006,Aísa,321,,,
1991,22007,Albalate de Cinca,1149,,,
1991,22008,Albalatillo,279,,,
1991,22009,Albelda,1023,,,
1991,22011,Albero Alto,109,,,
1991,22012,Albero Bajo,123,,,
1991,22013,Alberuela de Tubo,439,,,
1991,22014,Alcalá de Gurrea,404,,,
1991,22015,Alcalá del Obispo,344,,,
1991,22016,Alcampell,1075,,,
1991,22017,Alcolea de Cinca,1240,,,
1991,22018,Alcubierre,514,,,
1991,22019,Alerre,155,,,
1991,22020,Alfántega,138,,,
1991,22021,Almudévar,2435,,,
1991,22022,Almunia de San Juan,778,,,
1991,22023,Almuniente,674,,,
1991,22024,Alquézar,263,,,
1991,22025,Altorricón,1529,,,
1991,22027,Angüés,521,,,
1991,22028,Ansó,479,,,
1991,22029,Antillón,175,,,
1991,22032,Aragüés del Puerto,123,,,
1991,22035,Arén,439,,,
1991,22036,Argavieso,117,,,
1991,22037,Arguis,58,,,
1991,22039,Ayerbe,1209,,,
1991,22040,Azanuy-Alins,239,,,
1991,22041,Azara,228,,,
1991,22042,Azlor,189,,,
1991,22043,Baélls,171,,,
1991,22044,Bailo,336,,,
1991,22045,Baldellou,170,,,
1991,22046,Ballobar,1148,,,
1991,22047,Banastás,110,,,
1991,22048,Barbastro,14778,,,
1991,22049,Barbués,130,,,
1991,22050,Barbuñales,123,,,
1991,22051,Bárcabo,120,,,
1991,22052,Belver de Cinca,1527,,,
1991,22053,Benabarre,1233,,,
1991,22054,Benasque,1081,,,
1991,22055,Berbegal,520,,,
1991,22057,Bielsa,439,,,
1991,22058,Bierge,198,,,
1991,22059,Biescas,1171,,,
1991,22060,Binaced,1639,,,
1991,22061,Binéfar,8001,,,
1991,22062,Bisaurri,229,,,
1991,22063,Biscarrués,267,,,
1991,22064,Blecua y Torres,202,,,
1991,22066,Boltaña,851,,,
1991,22067,Bonansa,70,,,
1991,22068,Borau,73,,,
1991,22069,Broto,468,,,
1991,22072,Caldearenas,283,,,
1991,22074,Campo,375,,,
1991,22075,Camporrells,269,,,
1991,22076,Canal de Berdún,459,,,
1991,22077,Candasnos,634,,,
1991,22078,Canfranc,486,,,
1991,22079,Capdesaso,198,,,
1991,22080,Capella,456,,,
1991,22081,Casbas de Huesca,366,,,
1991,22082,Castejón del Puente,416,,,
1991,22083,Castejón de Monegros,785,,,
1991,22084,Castejón de Sos,449,,,
1991,22085,Castelflorite,170,,,
1991,22086,Castiello de Jaca,139,,,
1991,22087,Castigaleu,97,,,
1991,22088,Castillazuelo,247,,,
1991,22089,Castillonroy,445,,,
1991,22090,Colungo,142,,,
1991,22094,Chalamera,166,,,
1991,22095,Chía,127,,,
1991,22096,Chimillas,148,,,
1991,22099,Esplús,912,,,
1991,22102,Estada,193,,,
1991,22103,Estadilla,1003,,,
1991,22105,Estopiñán del Castillo,184,,,
1991,22106,Fago,44,,,
1991,22107,Fanlo,50,,,
1991,22109,Fiscal,256,,,
1991,22110,Fonz,1252,,,
1991,22111,Foradada del Toscar,272,,,
1991,22112,Fraga,11491,,,
1991,22113,Fueva La,659,,,
1991,22114,Gistaín,210,,,
1991,22115,Grado El,590,,,
1991,22116,Grañén,2162,,,
1991,22117,Graus,3315,,,
1991,22119,Gurrea de Gállego,1998,,,
1991,22122,Hoz de Jaca,86,,,
1991,22124,Huerto,316,,,
1991,22125,Huesca,44165,,,
1991,22126,Ibieca,114,,,
1991,22127,Igriés,150,,,
1991,22128,Ilche,323,,,
1991,22129,Isábena,279,,,
1991,22130,Jaca,10840,,,
1991,22131,Jasa,112,,,
1991,22133,Labuerda,172,,,
1991,22135,Laluenga,285,,,
1991,22136,Lalueza,1389,,,
1991,22137,Lanaja,1771,,,
1991,22139,Laperdiguera,110,,,
1991,22141,Lascellas-Ponzano,188,,,
1991,22142,Lascuarre,173,,,
1991,22143,Laspaúles,318,,,
1991,22144,Laspuña,291,,,
1991,22149,Loarre,413,,,
1991,22150,Loporzano,545,,,
1991,22151,Loscorrales,132,,,
1991,22155,Monesma y Cajigar,109,,,
1991,22156,Monflorite-Lascasas,185,,,
1991,22157,Montanuy,327,,,
1991,22158,Monzón,14690,,,
1991,22160,Naval,303,,,
1991,22162,Novales,195,,,
1991,22163,Nueno,212,,,
1991,22164,Olvena,56,,,
1991,22165,Ontiñena,750,,,
1991,22167,Osso de Cinca,740,,,
1991,22168,Palo,33,,,
1991,22170,Panticosa,589,,,
1991,22172,Peñalba,797,,,
1991,22173,Peñas de Riglos Las,283,,,
1991,22174,Peralta de Alcofea,760,,,
1991,22175,Peralta de Calasanz,349,,,
1991,22176,Peraltilla,175,,,
1991,22177,Perarrúa,157,,,
1991,22178,Pertusa,159,,,
1991,22181,Piracés,107,,,
1991,22182,Plan,301,,,
1991,22184,Poleñino,261,,,
1991,22186,Pozán de Vero,268,,,
1991,22187,Puebla de Castro La,298,,,
1991,22188,Puente de Montañana,135,,,
1991,22189,Puértolas,205,,,
1991,22190,Pueyo de Araguás El,173,,,
1991,22193,Pueyo de Santa Cruz,397,,,
1991,22195,Quicena,160,,,
1991,22197,Robres,715,,,
1991,22199,Sabiñánigo,9056,,,
1991,22200,Sahún,315,,,
1991,22201,Salas Altas,417,,,
1991,22202,Salas Bajas,202,,,
1991,22203,Salillas,126,,,
1991,22204,Sallent de Gállego,886,,,
1991,22205,San Esteban de Litera,689,,,
1991,22206,Sangarrén,307,,,
1991,22207,San Juan de Plan,170,,,
1991,22208,Santa Cilia,158,,,
1991,22209,Santa Cruz de la Serós,138,,,
1991,22212,Santaliestra y San Quílez,105,,,
1991,22213,Sariñena,4227,,,
1991,22214,Secastilla,190,,,
1991,22215,Seira,218,,,
1991,22217,Sena,671,,,
1991,22218,Senés de Alcubierre,63,,,
1991,22220,Sesa,297,,,
1991,22221,Sesué,75,,,
1991,22222,Siétamo,335,,,
1991,22223,Sopeira,144,,,
1991,22225,Tamarite de Litera,4091,,,
1991,22226,Tardienta,1211,,,
1991,22227,Tella-Sin,321,,,
1991,22228,Tierz,195,,,
1991,22229,Tolva,257,,,
1991,22230,Torla-Ordesa,363,,,
1991,22232,Torralba de Aragón,150,,,
1991,22233,Torre la Ribera,115,,,
1991,22234,Torrente de Cinca,1174,,,
1991,22235,Torres de Alcanadre,141,,,
1991,22236,Torres de Barbués,428,,,
1991,22239,Tramaced,131,,,
1991,22242,Valfarta,116,,,
1991,22243,Valle de Bardají,56,,,
1991,22244,Valle de Lierp,61,,,
1991,22245,Velilla de Cinca,523,,,
1991,22246,Beranuy,121,,,
1991,22247,Viacamp y Litera,41,,,
1991,22248,Vicién,111,,,
1991,22249,Villanova,94,,,
1991,22250,Villanúa,283,,,
1991,22251,Villanueva de Sigena,500,,,
1991,22252,Yebra de Basa,173,,,
1991,22253,Yésero,53,,,
1991,22254,Zaidín,1756,,,
1991,22901,Valle de Hecho,1055,,,
1991,22902,Puente la Reina de Jaca,295,,,
1991,22903,San Miguel del Cinca,982,,,
1991,22904,Sotonera La,1262,,,
1991,22905,Lupiñén-Ortilla,404,,,
1991,22906,Santa María de Dulcis,225,,,
1991,22907,Aínsa-Sobrarbe,1427,,,
1991,22908,Hoz y Costeán,268,,,
1991,22909,Vencillón,514,,,
2001,22001,Abiego,289,,,
2001,22002,Abizanda,133,,,
2001,22003,Adahuesca,159,,,
2001,22004,Agüero,171,,,
2001,22006,Aísa,402,,,
2001,22007,Albalate de Cinca,1203,,,
2001,22008,Albalatillo,259,,,
2001,22009,Albelda,926,,,
2001,22011,Albero Alto,108,,,
2001,22012,Albero Bajo,106,,,
2001,22013,Alberuela de Tubo,364,,,
2001,22014,Alcalá de Gurrea,315,,,
2001,22015,Alcalá del Obispo,369,,,
2001,22016,Alcampell,873,,,
2001,22017,Alcolea de Cinca,1250,,,
2001,22018,Alcubierre,449,,,
2001,22019,Alerre,205,,,
2001,22020,Alfántega,115,,,
2001,22021,Almudévar,2280,,,
2001,22022,Almunia de San Juan,678,,,
2001,22023,Almuniente,587,,,
2001,22024,Alquézar,290,,,
2001,22025,Altorricón,1457,,,
2001,22027,Angüés,430,,,
2001,22028,Ansó,523,,,
2001,22029,Antillón,160,,,
2001,22032,Aragüés del Puerto,148,,,
2001,22035,Arén,366,,,
2001,22036,Argavieso,123,,,
2001,22037,Arguis,67,,,
2001,22039,Ayerbe,1110,,,
2001,22040,Azanuy-Alins,177,,,
2001,22041,Azara,219,,,
2001,22042,Azlor,164,,,
2001,22043,Baélls,144,,,
2001,22044,Bailo,315,,,
2001,22045,Baldellou,133,,,
2001,22046,Ballobar,1007,,,
2001,22047,Banastás,188,,,
2001,22048,Barbastro,15053,,,
2001,22049,Barbués,112,,,
2001,22050,Barbuñales,114,,,
2001,22051,Bárcabo,112,,,
2001,22052,Belver de Cinca,1317,,,
2001,22053,Benabarre,1120,,,
2001,22054,Benasque,1489,,,
2001,22055,Berbegal,460,,,
2001,22057,Bielsa,456,,,
2001,22058,Bierge,224,,,
2001,22059,Biescas,1244,,,
2001,22060,Binaced,1645,,,
2001,22061,Binéfar,8397,,,
2001,22062,Bisaurri,224,,,
2001,22063,Biscarrués,228,,,
2001,22064,Blecua y Torres,195,,,
2001,22066,Boltaña,814,,,
2001,22067,Bonansa,84,,,
2001,22068,Borau,74,,,
2001,22069,Broto,539,,,
2001,22072,Caldearenas,250,,,
2001,22074,Campo,348,,,
2001,22075,Camporrells,247,,,
2001,22076,Canal de Berdún,422,,,
2001,22077,Candasnos,568,,,
2001,22078,Canfranc,532,,,
2001,22079,Capdesaso,170,,,
2001,22080,Capella,383,,,
2001,22081,Casbas de Huesca,302,,,
2001,22082,Castejón del Puente,418,,,
2001,22083,Castejón de Monegros,665,,,
2001,22084,Castejón de Sos,617,,,
2001,22085,Castelflorite,137,,,
2001,22086,Castiello de Jaca,188,,,
2001,22087,Castigaleu,102,,,
2001,22088,Castillazuelo,220,,,
2001,22089,Castillonroy,427,,,
2001,22090,Colungo,133,,,
2001,22094,Chalamera,156,,,
2001,22095,Chía,111,,,
2001,22096,Chimillas,227,,,
2001,22099,Esplús,725,,,
2001,22102,Estada,192,,,
2001,22103,Estadilla,912,,,
2001,22105,Estopiñán del Castillo,217,,,
2001,22106,Fago,37,,,
2001,22107,Fanlo,170,,,
2001,22109,Fiscal,254,,,
2001,22110,Fonz,1097,,,
2001,22111,Foradada del Toscar,259,,,
2001,22112,Fraga,12100,,,
2001,22113,Fueva La,607,,,
2001,22114,Gistaín,168,,,
2001,22115,Grado El,518,,,
2001,22116,Grañén,1994,,,
2001,22117,Graus,3136,,,
2001,22119,Gurrea de Gállego,1772,,,
2001,22122,Hoz de Jaca,77,,,
2001,22124,Huerto,257,,,
2001,22125,Huesca,46243,,,
2001,22126,Ibieca,111,,,
2001,22127,Igriés,308,,,
2001,22128,Ilche,273,,,
2001,22129,Isábena,273,,,
2001,22130,Jaca,11398,,,
2001,22131,Jasa,120,,,
2001,22133,Labuerda,174,,,
2001,22135,Laluenga,257,,,
2001,22136,Lalueza,1183,,,
2001,22137,Lanaja,1531,,,
2001,22139,Laperdiguera,110,,,
2001,22141,Lascellas-Ponzano,166,,,
2001,22142,Lascuarre,159,,,
2001,22143,Laspaúles,277,,,
2001,22144,Laspuña,272,,,
2001,22149,Loarre,400,,,
2001,22150,Loporzano,488,,,
2001,22151,Loscorrales,114,,,
2001,22155,Monesma y Cajigar,98,,,
2001,22156,Monflorite-Lascasas,207,,,
2001,22157,Montanuy,296,,,
2001,22158,Monzón,14920,,,
2001,22160,Naval,314,,,
2001,22162,Novales,180,,,
2001,22163,Nueno,353,,,
2001,22164,Olvena,49,,,
2001,22165,Ontiñena,650,,,
2001,22167,Osso de Cinca,732,,,
2001,22168,Palo,41,,,
2001,22170,Panticosa,705,,,
2001,22172,Peñalba,784,,,
2001,22173,Peñas de Riglos Las,268,,,
2001,22174,Peralta de Alcofea,701,,,
2001,22175,Peralta de Calasanz,258,,,
2001,22176,Peraltilla,166,,,
2001,22177,Perarrúa,127,,,
2001,22178,Pertusa,153,,,
2001,22181,Piracés,103,,,
2001,22182,Plan,314,,,
2001,22184,Poleñino,248,,,
2001,22186,Pozán de Vero,243,,,
2001,22187,Puebla de Castro La,321,,,
2001,22188,Puente de Montañana,114,,,
2001,22189,Puértolas,214,,,
2001,22190,Pueyo de Araguás El,145,,,
2001,22193,Pueyo de Santa Cruz,338,,,
2001,22195,Quicena,147,,,
2001,22197,Robres,653,,,
2001,22199,Sabiñánigo,8578,,,
2001,22200,Sahún,286,,,
2001,22201,Salas Altas,385,,,
2001,22202,Salas Bajas,161,,,
2001,22203,Salillas,110,,,
2001,22204,Sallent de Gállego,1080,,,
2001,22205,San Esteban de Litera,600,,,
2001,22206,Sangarrén,250,,,
2001,22207,San Juan de Plan,160,,,
2001,22208,Santa Cilia,191,,,
2001,22209,Santa Cruz de la Serós,152,,,
2001,22212,Santaliestra y San Quílez,123,,,
2001,22213,Sariñena,3950,,,
2001,22214,Secastilla,144,,,
2001,22215,Seira,202,,,
2001,22217,Sena,577,,,
2001,22218,Senés de Alcubierre,52,,,
2001,22220,Sesa,258,,,
2001,22221,Sesué,134,,,
2001,22222,Siétamo,453,,,
2001,22223,Sopeira,105,,,
2001,22225,Tamarite de Litera,3655,,,
2001,22226,Tardienta,1087,,,
2001,22227,Tella-Sin,281,,,
2001,22228,Tierz,180,,,
2001,22229,Tolva,188,,,
2001,22230,Torla-Ordesa,347,,,
2001,22232,Torralba de Aragón,119,,,
2001,22233,Torre la Ribera,110,,,
2001,22234,Torrente de Cinca,1103,,,
2001,22235,Torres de Alcanadre,127,,,
2001,22236,Torres de Barbués,358,,,
2001,22239,Tramaced,95,,,
2001,22242,Valfarta,95,,,
2001,22243,Valle de Bardají,49,,,
2001,22244,Valle de Lierp,51,,,
2001,22245,Velilla de Cinca,463,,,
2001,22246,Beranuy,111,,,
2001,22247,Viacamp y Litera,36,,,
2001,22248,Vicién,121,,,
2001,22249,Villanova,132,,,
2001,22250,Villanúa,340,,,
2001,22251,Villanueva de Sigena,531,,,
2001,22252,Yebra de Basa,161,,,
2001,22253,Yésero,81,,,
2001,22254,Zaidín,1672,,,
2001,22901,Valle de Hecho,977,,,
2001,22902,Puente la Reina de Jaca,262,,,
2001,22903,San Miguel del Cinca,886,,,
2001,22904,Sotonera La,1088,,,
2001,22905,Lupiñén-Ortilla,343,,,
2001,22906,Santa María de Dulcis,222,,,
2001,22907,Aínsa-Sobrarbe,1602,,,
2001,22908,Hoz y Costeán,233,,,
2001,22909,Vencillón,468,,,
2011,22001,Abiego,273,,,
2011,22002,Abizanda,133,,,
2011,22003,Adahuesca,178,,,
2011,22004,Agüero,156,,,
2011,22006,Aísa,371,,,
2011,22007,Albalate de Cinca,1245,,,
2011,22008,Albalatillo,221,,,
2011,22009,Albelda,816,,,
2011,22011,Albero Alto,128,,,
2011,22012,Albero Bajo,113,,,
2011,22013,Alberuela de Tubo,346,,,
2011,22014,Alcalá de Gurrea,288,,,
2011,22015,Alcalá del Obispo,370,,,
2011,22016,Alcampell,747,,,
2011,22017,Alcolea de Cinca,1130,,,
2011,22018,Alcubierre,424,,,
2011,22019,Alerre,214,,,
2011,22020,Alfántega,138,,,
2011,22021,Almudévar,2538,,,
2011,22022,Almunia de San Juan,664,,,
2011,22023,Almuniente,558,,,
2011,22024,Alquézar,293,,,
2011,22025,Altorricón,1478,,,
2011,22027,Angüés,415,,,
2011,22028,Ansó,470,,,
2011,22029,Antillón,147,,,
2011,22032,Aragüés del Puerto,129,,,
2011,22035,Arén,339,,,
2011,22036,Argavieso,117,,,
2011,22037,Arguis,127,,,
2011,22039,Ayerbe,1114,,,
2011,22040,Azanuy-Alins,175,,,
2011,22041,Azara,201,,,
2011,22042,Azlor,132,,,
2011,22043,Baélls,117,,,
2011,22044,Bailo,317,,,
2011,22045,Baldellou,112,,,
2011,22046,Ballobar,945,,,
2011,22047,Banastás,284,,,
2011,22048,Barbastro,17215,,,
2011,22049,Barbués,100,,,
2011,22050,Barbuñales,107,,,
2011,22051,Bárcabo,117,,,
2011,22052,Belver de Cinca,1345,,,
2011,22053,Benabarre,1199,,,
2011,22054,Benasque,2194,,,
2011,22055,Berbegal,414,,,
2011,22057,Bielsa,501,,,
2011,22058,Bierge,251,,,
2011,22059,Biescas,1562,,,
2011,22060,Binaced,1510,,,
2011,22061,Binéfar,9424,,,
2011,22062,Bisaurri,202,,,
2011,22063,Biscarrués,223,,,
2011,22064,Blecua y Torres,217,,,
2011,22066,Boltaña,1049,,,
2011,22067,Bonansa,101,,,
2011,22068,Borau,85,,,
2011,22069,Broto,538,,,
2011,22072,Caldearenas,235,,,
2011,22074,Campo,332,,,
2011,22075,Camporrells,163,,,
2011,22076,Canal de Berdún,377,,,
2011,22077,Candasnos,400,,,
2011,22078,Canfranc,591,,,
2011,22079,Capdesaso,178,,,
2011,22080,Capella,369,,,
2011,22081,Casbas de Huesca,302,,,
2011,22082,Castejón del Puente,354,,,
2011,22083,Castejón de Monegros,612,,,
2011,22084,Castejón de Sos,782,,,
2011,22085,Castelflorite,132,,,
2011,22086,Castiello de Jaca,252,,,
2011,22087,Castigaleu,106,,,
2011,22088,Castillazuelo,189,,,
2011,22089,Castillonroy,362,,,
2011,22090,Colungo,127,,,
2011,22094,Chalamera,118,,,
2011,22095,Chía,97,,,
2011,22096,Chimillas,377,,,
2011,22099,Esplús,627,,,
2011,22102,Estada,229,,,
2011,22103,Estadilla,848,,,
2011,22105,Estopiñán del Castillo,161,,,
2011,22106,Fago,29,,,
2011,22107,Fanlo,121,,,
2011,22109,Fiscal,324,,,
2011,22110,Fonz,985,,,
2011,22111,Foradada del Toscar,209,,,
2011,22112,Fraga,14543,,,
2011,22113,Fueva La,623,,,
2011,22114,Gistaín,147,,,
2011,22115,Grado El,472,,,
2011,22116,Grañén,1995,,,
2011,22117,Graus,3526,,,
2011,22119,Gurrea de Gállego,1651,,,
2011,22122,Hoz de Jaca,72,,,
2011,22124,Huerto,263,,,
2011,22125,Huesca,52030,,,
2011,22126,Ibieca,114,,,
2011,22127,Igriés,654,,,
2011,22128,Ilche,224,,,
2011,22129,Isábena,288,,,
2011,22130,Jaca,12857,,,
2011,22131,Jasa,112,,,
2011,22133,Labuerda,153,,,
2011,22135,Laluenga,224,,,
2011,22136,Lalueza,1067,,,
2011,22137,Lanaja,1354,,,
2011,22139,Laperdiguera,103,,,
2011,22141,Lascellas-Ponzano,145,,,
2011,22142,Lascuarre,150,,,
2011,22143,Laspaúles,313,,,
2011,22144,Laspuña,293,,,
2011,22149,Loarre,364,,,
2011,22150,Loporzano,557,,,
2011,22151,Loscorrales,109,,,
2011,22155,Monesma y Cajigar,96,,,
2011,22156,Monflorite-Lascasas,307,,,
2011,22157,Montanuy,264,,,
2011,22158,Monzón,17144,,,
2011,22160,Naval,248,,,
2011,22162,Novales,168,,,
2011,22163,Nueno,556,,,
2011,22164,Olvena,53,,,
2011,22165,Ontiñena,593,,,
2011,22167,Osso de Cinca,798,,,
2011,22168,Palo,29,,,
2011,22170,Panticosa,784,,,
2011,22172,Peñalba,753,,,
2011,22173,Peñas de Riglos Las,273,,,
2011,22174,Peralta de Alcofea,598,,,
2011,22175,Peralta de Calasanz,245,,,
2011,22176,Peraltilla,202,,,
2011,22177,Perarrúa,102,,,
2011,22178,Pertusa,122,,,
2011,22181,Piracés,100,,,
2011,22182,Plan,316,,,
2011,22184,Poleñino,219,,,
2011,22186,Pozán de Vero,239,,,
2011,22187,Puebla de Castro La,428,,,
2011,22188,Puente de Montañana,131,,,
2011,22189,Puértolas,233,,,
2011,22190,Pueyo de Araguás El,152,,,
2011,22193,Pueyo de Santa Cruz,370,,,
2011,22195,Quicena,288,,,
2011,22197,Robres,606,,,
2011,22199,Sabiñánigo,10164,,,
2011,22200,Sahún,337,,,
2011,22201,Salas Altas,314,,,
2011,22202,Salas Bajas,144,,,
2011,22203,Salillas,106,,,
2011,22204,Sallent de Gállego,1522,,,
2011,22205,San Esteban de Litera,502,,,
2011,22206,Sangarrén,227,,,
2011,22207,San Juan de Plan,160,,,
2011,22208,Santa Cilia,201,,,
2011,22209,Santa Cruz de la Serós,194,,,
2011,22212,Santaliestra y San Quílez,96,,,
2011,22213,Sariñena,4396,,,
2011,22214,Secastilla,154,,,
2011,22215,Seira,152,,,
2011,22217,Sena,534,,,
2011,22218,Senés de Alcubierre,58,,,
2011,22220,Sesa,209,,,
2011,22221,Sesué,123,,,
2011,22222,Siétamo,652,,,
2011,22223,Sopeira,112,,,
2011,22225,Tamarite de Litera,3625,,,
2011,22226,Tardienta,987,,,
2011,22227,Tella-Sin,262,,,
2011,22228,Tierz,713,,,
2011,22229,Tolva,153,,,
2011,22230,Torla-Ordesa,333,,,
2011,22232,Torralba de Aragón,106,,,
2011,22233,Torre la Ribera,117,,,
2011,22234,Torrente de Cinca,1226,,,
2011,22235,Torres de Alcanadre,106,,,
2011,22236,Torres de Barbués,294,,,
2011,22239,Tramaced,94,,,
2011,22242,Valfarta,76,,,
2011,22243,Valle de Bardají,49,,,
2011,22244,Valle de Lierp,63,,,
2011,22245,Velilla de Cinca,441,,,
2011,22246,Beranuy,98,,,
2011,22247,Viacamp y Litera,45,,,
2011,22248,Vicién,117,,,
2011,22249,Villanova,149,,,
2011,22250,Villanúa,495,,,
2011,22251,Villanueva de Sigena,457,,,
2011,22252,Yebra de Basa,151,,,
2011,22253,Yésero,68,,,
2011,22254,Zaidín,1719,,,
2011,22901,Valle de Hecho,943,,,
2011,22902,Puente la Reina de Jaca,283,,,
2011,22903,San Miguel del Cinca,845,,,
2011,22904,Sotonera La,1030,,,
2011,22905,Lupiñén-Ortilla,380,,,
2011,22906,Santa María de Dulcis,220,,,
2011,22907,Aínsa-Sobrarbe,2179,,,
2011,22908,Hoz y Costeán,206,,,
2011,22909,Vencillón,459,,,
2018,22001,Abiego,237,,,
2018,22002,Abizanda,151,,,
2018,22003,Adahuesca,172,,,
2018,22004,Agüero,130,,,
2018,22006,Aísa,321,,,
2018,22007,Albalate de Cinca,1102,,,
2018,22008,Albalatillo,181,,,
2018,22009,Albelda,721,,,
2018,22011,Albero Alto,105,,,
2018,22012,Albero Bajo,141,,,
2018,22013,Alberuela de Tubo,309,,,
2018,22014,Alcalá de Gurrea,246,,,
2018,22015,Alcalá del Obispo,325,,,
2018,22016,Alcampell,652,,,
2018,22017,Alcolea de Cinca,1160,,,
2018,22018,Alcubierre,363,,,
2018,22019,Alerre,201,,,
2018,22020,Alfántega,127,,,
2018,22021,Almudévar,2394,,,
2018,22022,Almunia de San Juan,654,,,
2018,22023,Almuniente,471,,,
2018,22024,Alquézar,296,,,
2018,22025,Altorricón,1409,,,
2018,22027,Angüés,367,,,
2018,22028,Ansó,431,,,
2018,22029,Antillón,149,,,
2018,22032,Aragüés del Puerto,116,,,
2018,22035,Arén,318,,,
2018,22036,Argavieso,96,,,
2018,22037,Arguis,129,,,
2018,22039,Ayerbe,1041,,,
2018,22040,Azanuy-Alins,176,,,
2018,22041,Azara,174,,,
2018,22042,Azlor,153,,,
2018,22043,Baélls,104,,,
2018,22044,Bailo,279,,,
2018,22045,Baldellou,77,,,
2018,22046,Ballobar,823,,,
2018,22047,Banastás,292,,,
2018,22048,Barbastro,16944,,,
2018,22049,Barbués,77,,,
2018,22050,Barbuñales,95,,,
2018,22051,Bárcabo,105,,,
2018,22052,Belver de Cinca,1292,,,
2018,22053,Benabarre,1107,,,
2018,22054,Benasque,2157,,,
2018,22055,Berbegal,345,,,
2018,22057,Bielsa,476,,,
2018,22058,Bierge,231,,,
2018,22059,Biescas,1479,,,
2018,22060,Binaced,1555,,,
2018,22061,Binéfar,9435,,,
2018,22062,Bisaurri,181,,,
2018,22063,Biscarrués,189,,,
2018,22064,Blecua y Torres,183,,,
2018,22066,Boltaña,986,,,
2018,22067,Bonansa,86,,,
2018,22068,Borau,80,,,
2018,22069,Broto,531,,,
2018,22072,Caldearenas,218,,,
2018,22074,Campo,323,,,
2018,22075,Camporrells,137,,,
2018,22076,Canal de Berdún,321,,,
2018,22077,Candasnos,317,,,
2018,22078,Canfranc,532,,,
2018,22079,Capdesaso,174,,,
2018,22080,Capella,354,,,
2018,22081,Casbas de Huesca,269,,,
2018,22082,Castejón del Puente,315,,,
2018,22083,Castejón de Monegros,531,,,
2018,22084,Castejón de Sos,753,,,
2018,22085,Castelflorite,108,,,
2018,22086,Castiello de Jaca,267,,,
2018,22087,Castigaleu,86,,,
2018,22088,Castillazuelo,169,,,
2018,22089,Castillonroy,312,,,
2018,22090,Colungo,114,,,
2018,22094,Chalamera,108,,,
2018,22095,Chía,86,,,
2018,22096,Chimillas,391,,,
2018,22099,Esplús,541,,,
2018,22102,Estada,204,,,
2018,22103,Estadilla,794,,,
2018,22105,Estopiñán del Castillo,126,,,
2018,22106,Fago,23,,,
2018,22107,Fanlo,97,,,
2018,22109,Fiscal,327,,,
2018,22110,Fonz,870,,,
2018,22111,Foradada del Toscar,173,,,
2018,22112,Fraga,14979,,,
2018,22113,Fueva La,597,,,
2018,22114,Gistaín,149,,,
2018,22115,Grado El,426,,,
2018,22116,Grañén,1753,,,
2018,22117,Graus,3305,,,
2018,22119,Gurrea de Gállego,1476,,,
2018,22122,Hoz de Jaca,76,,,
2018,22124,Huerto,218,,,
2018,22125,Huesca,52463,,,
2018,22126,Ibieca,97,,,
2018,22127,Igriés,705,,,
2018,22128,Ilche,212,,,
2018,22129,Isábena,238,,,
2018,22130,Jaca,12813,,,
2018,22131,Jasa,92,,,
2018,22133,Labuerda,162,,,
2018,22135,Laluenga,194,,,
2018,22136,Lalueza,913,,,
2018,22137,Lanaja,1202,,,
2018,22139,Laperdiguera,91,,,
2018,22141,Lascellas-Ponzano,126,,,
2018,22142,Lascuarre,136,,,
2018,22143,Laspaúles,230,,,
2018,22144,Laspuña,291,,,
2018,22149,Loarre,331,,,
2018,22150,Loporzano,522,,,
2018,22151,Loscorrales,106,,,
2018,22155,Monesma y Cajigar,73,,,
2018,22156,Monflorite-Lascasas,403,,,
2018,22157,Montanuy,215,,,
2018,22158,Monzón,17061,,,
2018,22160,Naval,269,,,
2018,22162,Novales,155,,,
2018,22163,Nueno,532,,,
2018,22164,Olvena,50,,,
2018,22165,Ontiñena,533,,,
2018,22167,Osso de Cinca,687,,,
2018,22168,Palo,27,,,
2018,22170,Panticosa,786,,,
2018,22172,Peñalba,622,,,
2018,22173,Peñas de Riglos Las,251,,,
2018,22174,Peralta de Alcofea,562,,,
2018,22175,Peralta de Calasanz,219,,,
2018,22176,Peraltilla,199,,,
2018,22177,Perarrúa,109,,,
2018,22178,Pertusa,110,,,
2018,22181,Piracés,98,,,
2018,22182,Plan,287,,,
2018,22184,Poleñino,200,,,
2018,22186,Pozán de Vero,218,,,
2018,22187,Puebla de Castro La,372,,,
2018,22188,Puente de Montañana,93,,,
2018,22189,Puértolas,215,,,
2018,22190,Pueyo de Araguás El,154,,,
2018,22193,Pueyo de Santa Cruz,314,,,
2018,22195,Quicena,283,,,
2018,22197,Robres,541,,,
2018,22199,Sabiñánigo,9245,,,
2018,22200,Sahún,294,,,
2018,22201,Salas Altas,308,,,
2018,22202,Salas Bajas,167,,,
2018,22203,Salillas,96,,,
2018,22204,Sallent de Gállego,1463,,,
2018,22205,San Esteban de Litera,506,,,
2018,22206,Sangarrén,219,,,
2018,22207,San Juan de Plan,152,,,
2018,22208,Santa Cilia,231,,,
2018,22209,Santa Cruz de la Serós,180,,,
2018,22212,Santaliestra y San Quílez,81,,,
2018,22213,Sariñena,4168,,,
2018,22214,Secastilla,146,,,
2018,22215,Seira,150,,,
2018,22217,Sena,489,,,
2018,22218,Senés de Alcubierre,41,,,
2018,22220,Sesa,167,,,
2018,22221,Sesué,127,,,
2018,22222,Siétamo,664,,,
2018,22223,Sopeira,94,,,
2018,22225,Tamarite de Litera,3528,,,
2018,22226,Tardienta,952,,,
2018,22227,Tella-Sin,226,,,
2018,22228,Tierz,758,,,
2018,22229,Tolva,123,,,
2018,22230,Torla-Ordesa,298,,,
2018,22232,Torralba de Aragón,103,,,
2018,22233,Torre la Ribera,102,,,
2018,22234,Torrente de Cinca,1148,,,
2018,22235,Torres de Alcanadre,92,,,
2018,22236,Torres de Barbués,266,,,
2018,22239,Tramaced,99,,,
2018,22242,Valfarta,69,,,
2018,22243,Valle de Bardají,34,,,
2018,22244,Valle de Lierp,46,,,
2018,22245,Velilla de Cinca,463,,,
2018,22246,Beranuy,78,,,
2018,22247,Viacamp y Litera,36,,,
2018,22248,Vicién,116,,,
2018,22249,Villanova,159,,,
2018,22250,Villanúa,447,,,
2018,22251,Villanueva de Sigena,394,,,
2018,22252,Yebra de Basa,147,,,
2018,22253,Yésero,60,,,
2018,22254,Zaidín,1774,,,
2018,22901,Valle de Hecho,839,,,
2018,22902,Puente la Reina de Jaca,260,,,
2018,22903,San Miguel del Cinca,813,,,
2018,22904,Sotonera La,894,,,
2018,22905,Lupiñén-Ortilla,341,,,
2018,22906,Santa María de Dulcis,208,,,
2018,22907,Aínsa-Sobrarbe,2151,,,
2018,22908,Hoz y Costeán,226,,,
2018,22909,Vencillón,399,,,
2020,22001,Abiego,258,,,
2020,22002,Abizanda,139,,,
2020,22003,Adahuesca,180,,,
2020,22004,Agüero,125,,,
2020,22006,Aísa,313,,,
2020,22007,Albalate,1099,,,
2020,22008,Albalatillo,163,,,
2020,22009,Albelda,708,,,
2020,22011,Albero,120,,,
2020,22012,Albero,132,,,
2020,22013,Alberuela,290,,,
2020,22014,Alcalá,239,,,
2020,22015,Alcalá,298,,,
2020,22016,Alcampell,623,,,
2020,22017,Alcolea,1177,,,
2020,22018,Alcubierre,362,,,
2020,22019,Alerre,200,,,
2020,22020,Alfántega,130,,,
2020,22021,Almudévar,2377,,,
2020,22022,Almunia,666,,,
2020,22023,Almuniente,457,,,
2020,22024,Alquézar,312,,,
2020,22025,Altorricón,1420,,,
2020,22027,Angüés,353,,,
2020,22028,Ansó,386,,,
2020,22029,Antillón,135,,,
2020,22032,Aragüés,111,,,
2020,22035,Arén,95,,,
2020,22036,Argavieso,125,,,
2020,22037,Arguis,308,,,
2020,22039,Ayerbe,1017,,,
2020,22040,Azanuy,170,,,
2020,22041,Azara,157,,,
2020,22042,Azlor,138,,,
2020,22043,Baélls,2242,,,
2020,22044,Bailo,261,,,
2020,22045,Baldellou,64,,,
2020,22046,Ballobar,833,,,
2020,22047,Banastás,310,,,
2020,22048,Barbastro,17174,,,
2020,22049,Barbués,86,,,
2020,22050,Barbuñales,96,,,
2020,22051,Bárcabo,97,,,
2020,22052,Belver,1301,,,
2020,22053,Benabarre,1142,,,
2020,22054,Benasque,2184,,,
2020,22055,Berbegal,75,,,
2020,22057,Bielsa,327,,,
2020,22058,Bierge,448,,,
2020,22059,Biescas,252,,,
2020,22060,Binaced,1474,,,
2020,22061,Binéfar,1605,,,
2020,22062,Bisaurri,9742,,,
2020,22063,Biscarrués,171,,,
2020,22064,Blecua,182,,,
2020,22066,Boltaña,173,,,
2020,22067,Bonansa,1045,,,
2020,22068,Borau,87,,,
2020,22069,Broto,70,,,
2020,22072,Caldearenas,538,,,
2020,22074,Campo,102,,,
2020,22075,Camporrells,226,,,
2020,22076,Canal,436,,,
2020,22077,Candasnos,127,,,
2020,22078,Canfranc,323,,,
2020,22079,Capdesaso,419,,,
2020,22080,Capella,558,,,
2020,22081,Casbas,211,,,
2020,22082,Castejón,360,,,
2020,22083,Castejón,275,,,
2020,22084,Castejón,510,,,
2020,22085,Castelflorite,764,,,
2020,22086,Castiello,312,,,
2020,22087,Castigaleu,103,,,
2020,22088,Castillazuelo,221,,,
2020,22089,Castillonroy,79,,,
2020,22090,Colungo,153,,,
2020,22094,Chalamera,318,,,
2020,22095,Chía,113,,,
2020,22096,Chimillas,402,,,
2020,22099,Esplús,83,,,
2020,22102,Estada,117,,,
2020,22103,Estadilla,632,,,
2020,22105,Estopiñán,199,,,
2020,22106,Fago,796,,,
2020,22107,Fanlo,121,,,
2020,22109,Fiscal,20,,,
2020,22110,Fonz,100,,,
2020,22111,Foradada,331,,,
2020,22112,Fraga,851,,,
2020,22113,Fueva,162,,,
2020,22114,Gistaín,15353,,,
2020,22115,Grado,2020,600,,,
2020,22116,Grañén,147,,,
2020,22117,Graus,2020,395,,,
2020,22119,Gurrea,3365,,,
2020,22122,Hoz,1738,,,
2020,22124,Huerto,1476,,,
2020,22125,Huesca,73,,,
2020,22126,Ibieca,221,,,
2020,22127,Igriés,213,,,
2020,22128,Ilche,53956,,,
2020,22129,Isábena,100,,,
2020,22130,Jaca,695,,,
2020,22131,Jasa,197,,,
2020,22133,Labuerda,231,,,
2020,22135,Laluenga,13129,,,
2020,22136,Lalueza,96,,,
2020,22137,Lanaja,155,,,
2020,22139,Laperdiguera,191,,,
2020,22141,Lascellas,892,,,
2020,22142,Lascuarre,1163,,,
2020,22143,Laspaúles,92,,,
2020,22144,Laspuña,130,,,
2020,22149,Loarre,139,,,
2020,22150,Loporzano,205,,,
2020,22151,Loscorrales,297,,,
2020,22155,Monesma,323,,,
2020,22156,Monflorite,514,,,
2020,22157,Montanuy,93,,,
2020,22158,Monzón,335,,,
2020,22160,Naval,72,,,
2020,22162,Novales,405,,,
2020,22163,Nueno,210,,,
2020,22164,Olvena,17469,,,
2020,22165,Ontiñena,265,,,
2020,22167,Osso,152,,,
2020,22168,Palo,546,,,
2020,22170,Panticosa,56,,,
2020,22172,Peñalba,508,,,
2020,22173,Peñas,678,,,
2020,22174,Peralta,26,,,
2020,22175,Peralta,800,,,
2020,22176,Peraltilla,563,,,
2020,22177,Perarrúa,210,,,
2020,22178,Pertusa,209,,,
2020,22181,Piracés,106,,,
2020,22182,Plan,120,,,
2020,22184,Poleñino,644,,,
2020,22186,Pozán,2020,247,,,
2020,22187,Puebla,100,,,
2020,22188,Puente,273,,,
2020,22189,Puértolas,210,,,
2020,22190,Pueyo,214,,,
2020,22193,Pueyo,2020,377,,,
2020,22195,Quicena,93,,,
2020,22197,Robres,245,,,
2020,22199,Sabiñánigo,2020,161,,,
2020,22200,Sahún,331,,,
2020,22201,Salas,213,,,
2020,22202,Salas,282,,,
2020,22203,Salillas,514,,,
2020,22204,Sallent,9185,,,
2020,22205,San,303,,,
2020,22206,Sangarrén,306,,,
2020,22207,San,185,,,
2020,22208,Santa,91,,,
2020,22209,Santa,1477,,,
2020,22212,Santaliestra,547,,,
2020,22213,Sariñena,150,,,
2020,22214,Secastilla,780,,,
2020,22215,Seira,221,,,
2020,22217,Sena,243,,,
2020,22218,Senés,188,,,
2020,22220,Sesa,205,,,
2020,22221,Sesué,80,,,
2020,22222,Siétamo,4184,,,
2020,22223,Sopeira,140,,,
2020,22225,Tamarite,145,,,
2020,22226,Tardienta,501,,,
2020,22227,Tella,40,,,
2020,22228,Tierz,154,,,
2020,22229,Tolva,122,,,
2020,22230,Torla,689,,,
2020,22232,Torralba,91,,,
2020,22233,Torre,2020,859,,,
2020,22234,Torrente,3487,,,
2020,22235,Torres,948,,,
2020,22236,Torres,225,,,
2020,22239,Tramaced,781,,,
2020,22242,Valfarta,122,,,
2020,22243,Valle,298,,,
2020,22244,Valle,113,,,
2020,22245,Velilla,96,,,
2020,22246,Beranuy,1327,,,
2020,22247,Viacamp,82,,,
2020,22248,Vicién,251,,,
2020,22249,Villanova,98,,,
2020,22250,Villanúa,63,,,
2020,22251,Villanueva,40,,,
2020,22252,Yebra,817,,,
2020,22253,Yésero,51,,,
2020,22254,Zaidín,460,,,
2020,22901,Valle,390,,,
2020,22902,Puente,37,,,
2020,22903,San,110,,,
2020,22904,Sotonera,174,,,
2020,22905,Lupiñén,384,,,
2020,22906,Santa,451,,,
2020,22907,Aínsa,142,,,
2020,22908,Hoz,57,,,
2020,22909,Vencillón,1798,,,
