year,cp,name,population,select,mayor,menor
1900,44001,Ababuj,459,Ababuj,36.84,9.21
1900,44002,Abejuela,698,Abejuela,38.77,4.08
1900,44003,Aguatón,181,Aguatón,44.44,0
1900,44004,Aguaviva,1781,Aguaviva,23.18,15.51
1900,44005,Aguilar del Alfambra,524,Aguilar del Alfambra,34.92,12.69
1900,44006,Alacón,931,Alacón,45.45,6.43
1900,44007,Alba,634,Alba,38.76,7.86
1900,44008,Albalate del Arzobispo,4291,Albalate del Arzobispo,26.64,14.62
1900,44009,Albarracín,1932,Albarracín,24.31,15.45
1900,44010,Albentosa,1003,Albentosa,19.84,21.01
1900,44011,Alcaine,1103,Alcaine,42.85,7.93
1900,44012,Alcalá de la Selva,1648,Alcalá de la Selva,29.10,8.93
1900,44013,Alcañiz,7699,Alcañiz,18.75,20.99
1900,44014,Alcorisa,3119,Alcorisa,20.60,18.86
1900,44016,Alfambra,1355,Alfambra,41.05,9.22
1900,44017,Aliaga,1754,Aliaga,26.81,15.64
1900,44018,Almohaja,243,Almohaja,62.50,0
1900,44019,Alobras,546,Alobras,40.32,0
1900,44020,Alpeñés,224,Alpeñés,36.36,0
1900,44021,Allepuz,1040,Allepuz,37.30,14.28
1900,44022,Alloza,1773,Alloza,33.84,12.02
1900,44023,Allueva,216,Allueva,34.48,13.79
1900,44024,Anadón,355,Anadón,22.22,0
1900,44025,Andorra,2704,Andorra,18.94,17.12
1900,44026,Arcos de las Salinas,1353,Arcos de las Salinas,28.57,13.33
1900,44027,Arens de Lledó,759,Arens de Lledó,37.37,9.22
1900,44028,Argente,716,Argente,40.90,11.11
1900,44029,Ariño,1366,Ariño,23.87,14.26
1900,44031,Azaila,742,Azaila,43.61,5.31
1900,44032,Bádenas,454,Bádenas,30.00,10.00
1900,44033,Báguena,1420,Báguena,42.44,8.36
1900,44034,Bañón,693,Bañón,40.52,9.80
1900,44035,Barrachina,697,Barrachina,34.74,6.77
1900,44036,Bea,170,Bea,22.58,12.90
1900,44037,Beceite,2252,Beceite,29.57,13.30
1900,44038,Belmonte de San José,817,Belmonte de San José,45.13,9.73
1900,44039,Bello,989,Bello,48.00,7.11
1900,44040,Berge,816,Berge,25.40,17.21
1900,44041,Bezas,357,Bezas,20.00,10.00
1900,44042,Blancas,859,Blancas,40.80,8.80
1900,44043,Blesa,1325,Blesa,40.00,3.15
1900,44044,Bordón,586,Bordón,33.01,17.92
1900,44045,Bronchales,950,Bronchales,21.67,10.38
1900,44046,Bueña,352,Bueña,44.44,12.69
1900,44047,Burbáguena,1350,Burbáguena,55.96,5.76
1900,44048,Cabra de Mora,563,Cabra de Mora,29.09,1.81
1900,44049,Calaceite,2579,Calaceite,33.72,12.85
1900,44050,Calamocha,6017,Calamocha,20.90,19.00
1900,44051,Calanda,3924,Calanda,21.57,15.61
1900,44052,Calomarde,422,Calomarde,43.24,0
1900,44053,Camañas,450,Camañas,30.64,16.12
1900,44054,Camarena de la Sierra,882,Camarena de la Sierra,25.66,8.84
1900,44055,Camarillas,816,Camarillas,32.55,11.62
1900,44056,Caminreal,1349,Caminreal,31.82,12.27
1900,44059,Cantavieja,1962,Cantavieja,23.80,17.64
1900,44060,Cañada de Benatanduz,642,Cañada de Benatanduz,41.02,0
1900,44061,Cañada de Verich La,287,Cañada de Verich La,32.18,16.09
1900,44062,Cañada Vellida,201,Cañada Vellida,51.42,0
1900,44063,Cañizar del Olivar,507,Cañizar del Olivar,22.44,18.36
1900,44064,Cascante del Río,574,Cascante del Río,47.88,4.22
1900,44065,Castejón de Tornos,475,Castejón de Tornos,58.06,1.61
1900,44066,Castel de Cabra,623,Castel de Cabra,36.53,10.57
1900,44067,Castelnou,680,Castelnou,21.87,19.37
1900,44068,Castelserás,2177,Castelserás,28.27,18.53
1900,44070,Castellar El,489,Castellar El,44.23,1.92
1900,44071,Castellote,5122,Castellote,32.39,8.87
1900,44074,Cedrillas,957,Cedrillas,23.01,18.25
1900,44075,Celadas,876,Celadas,29.29,13.38
1900,44076,Cella,2567,Cella,28.31,14.27
1900,44077,Cerollera La,450,Cerollera La,23.00,14.00
1900,44080,Codoñera La,1342,Codoñera La,32.26,11.62
1900,44082,Corbalán,484,Corbalán,20.18,16.51
1900,44084,Cortes de Aragón,492,Cortes de Aragón,29.50,6.55
1900,44085,Cosa,385,Cosa,46.15,1.92
1900,44086,Cretas,1562,Cretas,31.69,14.18
1900,44087,Crivillén,937,Crivillén,64.70,0
1900,44088,Cuba La,357,Cuba La,26.82,9.75
1900,44089,Cubla,363,Cubla,20.37,9.25
1900,44090,Cucalón,525,Cucalón,40.00,8.75
1900,44092,Cuervo El,576,Cuervo El,48.83,9.30
1900,44093,Cuevas de Almudén,243,Cuevas de Almudén,22.13,17.21
1900,44094,Cuevas Labradas,401,Cuevas Labradas,41.22,7.63
1900,44096,Ejulve,1291,Ejulve,36.11,6.11
1900,44097,Escorihuela,493,Escorihuela,49.64,1.43
1900,44099,Escucha,707,Escucha,17.51,17.17
1900,44100,Estercuel,964,Estercuel,25.23,8.57
1900,44101,Ferreruela de Huerva,262,Ferreruela de Huerva,44.44,3.17
1900,44102,Fonfría,205,Fonfría,57.14,0
1900,44103,Formiche Alto,1029,Formiche Alto,34.43,12.58
1900,44105,Fórnoles,742,Fórnoles,42.66,4.00
1900,44106,Fortanete,1570,Fortanete,24.87,17.56
1900,44107,Foz-Calanda,786,Foz-Calanda,27.73,13.86
1900,44108,Fresneda La,1799,Fresneda La,27.99,13.54
1900,44109,Frías de Albarracín,665,Frías de Albarracín,31.89,6.89
1900,44110,Fuenferrada,402,Fuenferrada,64.28,0
1900,44111,Fuentes Calientes,243,Fuentes Calientes,33.66,5.94
1900,44112,Fuentes Claras,1123,Fuentes Claras,41.21,9.76
1900,44113,Fuentes de Rubielos,895,Fuentes de Rubielos,10.52,22.80
1900,44114,Fuentespalda,927,Fuentespalda,35.66,9.79
1900,44115,Galve,468,Galve,21.11,21.11
1900,44116,Gargallo,644,Gargallo,30.33,14.60
1900,44117,Gea de Albarracín,1168,Gea de Albarracín,34.30,9.84
1900,44118,Ginebrosa La,1116,Ginebrosa La,32.50,15.00
1900,44119,Griegos,415,Griegos,30.06,8.39
1900,44120,Guadalaviar,492,Guadalaviar,22.31,9.50
1900,44121,Gúdar,730,Gúdar,25.00,18.05
1900,44122,Híjar,3330,Híjar,27.20,16.32
1900,44123,Hinojosa de Jarque,546,Hinojosa de Jarque,42.85,5.04
1900,44124,Hoz de la Vieja La,924,Hoz de la Vieja La,36.47,11.76
1900,44125,Huesa del Común,1284,Huesa del Común,47.76,2.98
1900,44126,Iglesuela del Cid La,1485,Iglesuela del Cid La,23.91,13.76
1900,44127,Jabaloyas,934,Jabaloyas,32.30,1.53
1900,44128,Jarque de la Val,277,Jarque de la Val,42.85,8.57
1900,44129,Jatiel,255,Jatiel,30.00,2.50
1900,44130,Jorcas,462,Jorcas,47.05,11.76
1900,44131,Josa,615,Josa,41.17,2.94
1900,44132,Lagueruela,252,Lagueruela,46.15,12.82
1900,44133,Lanzuela,243,Lanzuela,20.83,12.50
1900,44135,Libros,607,Libros,50.49,0
1900,44136,Lidón,308,Lidón,50.90,7.27
1900,44137,Linares de Mora,1592,Linares de Mora,26.90,10.84
1900,44138,Loscos,1507,Loscos,43.41,4.65
1900,44141,Lledó,580,Lledó,30.23,13.37
1900,44142,Maicas,391,Maicas,48.14,0
1900,44143,Manzanera,2750,Manzanera,22.35,15.79
1900,44144,Martín del Río,729,Martín del Río,30.21,15.82
1900,44145,Mas de las Matas,1981,Mas de las Matas,30.26,14.07
1900,44146,Mata de los Olmos La,458,Mata de los Olmos La,23.39,18.86
1900,44147,Mazaleón,1403,Mazaleón,27.27,15.02
1900,44148,Mezquita de Jarque,327,Mezquita de Jarque,38.77,10.20
1900,44149,Mirambel,835,Mirambel,22.41,12.93
1900,44150,Miravete de la Sierra,486,Miravete de la Sierra,34.28,8.57
1900,44151,Molinos,1405,Molinos,30.04,12.34
1900,44152,Monforte de Moyuela,694,Monforte de Moyuela,44.61,1.53
1900,44153,Monreal del Campo,2330,Monreal del Campo,19.48,19.81
1900,44154,Monroyo,1284,Monroyo,22.35,16.76
1900,44155,Montalbán,2020,Montalbán,26.46,13.43
1900,44156,Monteagudo del Castillo,489,Monteagudo del Castillo,32.00,8.00
1900,44157,Monterde de Albarracín,488,Monterde de Albarracín,49.20,0
1900,44158,Mora de Rubielos,3213,Mora de Rubielos,19.01,17.65
1900,44159,Moscardón,494,Moscardón,21.81,25.45
1900,44160,Mosqueruela,3103,Mosqueruela,31.03,15.06
1900,44161,Muniesa,1860,Muniesa,35.05,16.02
1900,44163,Noguera de Albarracín,489,Noguera de Albarracín,27.06,10.52
1900,44164,Nogueras,359,Nogueras,48.00,8.00
1900,44165,Nogueruelas,1156,Nogueruelas,37.32,13.36
1900,44167,Obón,1257,Obón,48.88,0
1900,44168,Odón,974,Odón,44.39,8.29
1900,44169,Ojos Negros,1436,Ojos Negros,36.60,12.46
1900,44171,Olba,1802,Olba,20.79,16.81
1900,44172,Oliete,2146,Oliete,41.20,9.06
1900,44173,Olmos Los,600,Olmos Los,31.14,13.93
1900,44174,Orihuela del Tremedal,945,Orihuela del Tremedal,25.87,11.29
1900,44175,Orrios,430,Orrios,37.30,3.17
1900,44176,Palomar de Arroyos,612,Palomar de Arroyos,32.54,6.50
1900,44177,Pancrudo,1000,Pancrudo,39.09,9.09
1900,44178,Parras de Castellote Las,1107,Parras de Castellote Las,43.39,0
1900,44179,Peñarroya de Tastavins,1702,Peñarroya de Tastavins,24.60,15.71
1900,44180,Peracense,385,Peracense,38.15,6.57
1900,44181,Peralejos,286,Peralejos,31.81,15.90
1900,44182,Perales del Alfambra,817,Perales del Alfambra,30.76,7.23
1900,44183,Pitarque,938,Pitarque,32.91,8.86
1900,44184,Plou,529,Plou,41.86,6.97
1900,44185,Pobo El,497,Pobo El,35.08,12.28
1900,44187,Portellada La,860,Portellada La,36.62,13.58
1900,44189,Pozondón,539,Pozondón,43.75,2.08
1900,44190,Pozuel del Campo,598,Pozuel del Campo,55.88,1.47
1900,44191,La Puebla de Híjar,1921,La Puebla de Híjar,28.85,14.42
1900,44192,La Puebla de Valverde,1982,La Puebla de Valverde,24.28,14.56
1900,44193,Puertomingalvo,1271,Puertomingalvo,23.21,19.64
1900,44194,Ráfales,859,Ráfales,32.86,11.88
1900,44195,Rillo,502,Rillo,30.10,3.22
1900,44196,Riodeva,716,Riodeva,42.36,10.41
1900,44197,Ródenas,415,Ródenas,42.62,4.91
1900,44198,Royuela,459,Royuela,35.43,12.13
1900,44199,Rubiales,290,Rubiales,26.00,10.00
1900,44200,Rubielos de la Cérida,501,Rubielos de la Cérida,55.26,0
1900,44201,Rubielos de Mora,2284,Rubielos de Mora,22.96,15.78
1900,44203,Salcedillo,155,Salcedillo,5.88,0
1900,44204,Saldón,435,Saldón,50.00,3.84
1900,44205,Samper de Calanda,2647,Samper de Calanda,35.50,12.51
1900,44206,San Agustín,1204,San Agustín,28.00,7.20
1900,44207,San Martín del Río,1330,San Martín del Río,55.40,4.05
1900,44208,Santa Cruz de Nogueras,346,Santa Cruz de Nogueras,40.54,5.40
1900,44209,Santa Eulalia,1164,Santa Eulalia,33.17,12.15
1900,44210,Sarrión,2233,Sarrión,19.59,19.68
1900,44211,Segura de los Baños,795,Segura de los Baños,51.28,0
1900,44212,Seno,453,Seno,43.58,2.56
1900,44213,Singra,399,Singra,35.00,7.50
1900,44215,Terriente,1109,Terriente,39.34,4.91
1900,44216,Teruel,12745,Teruel,19.02,19.34
1900,44217,Toril y Masegoso,366,Toril y Masegoso,26.66,0
1900,44218,Tormón,303,Tormón,54.83,0
1900,44219,Tornos,578,Tornos,39.90,9.38
1900,44220,Torralba de los Sisones,608,Torralba de los Sisones,30.76,14.74
1900,44221,Torrecilla de Alcañiz,1105,Torrecilla de Alcañiz,35.22,8.74
1900,44222,Torrecilla del Rebollar,891,Torrecilla del Rebollar,47.24,1.57
1900,44223,Torre de Arcas,485,Torre de Arcas,30.33,12.35
1900,44224,Torre de las Arcas,545,Torre de las Arcas,21.42,10.71
1900,44225,Torre del Compte,748,Torre del Compte,40.15,6.81
1900,44226,Torrelacárcel,521,Torrelacárcel,48.05,7.79
1900,44227,Torre los Negros,456,Torre los Negros,44.31,4.54
1900,44228,Torremocha de Jiloca,420,Torremocha de Jiloca,38.31,6.54
1900,44229,Torres de Albarracín,591,Torres de Albarracín,30.05,13.66
1900,44230,Torrevelilla,776,Torrevelilla,32.80,14.81
1900,44231,Torrijas,689,Torrijas,36.84,15.78
1900,44232,Torrijo del Campo,1308,Torrijo del Campo,36.46,8.05
1900,44234,Tramacastiel,668,Tramacastiel,34.37,4.68
1900,44235,Tramacastilla,455,Tramacastilla,38.67,11.32
1900,44236,Tronchón,997,Tronchón,41.53,6.15
1900,44237,Urrea de Gaén,1195,Urrea de Gaén,39.22,8.94
1900,44238,Utrillas,712,Utrillas,17.30,16.80
1900,44239,Valacloche,219,Valacloche,52.38,0
1900,44240,Valbona,675,Valbona,39.08,8.62
1900,44241,Valdealgorfa,1665,Valdealgorfa,34.72,12.86
1900,44243,Valdecuenca,320,Valdecuenca,28.57,5.71
1900,44244,Valdelinares,825,Valdelinares,27.58,17.24
1900,44245,Valdeltormo,699,Valdeltormo,38.70,11.46
1900,44246,Valderrobres,3058,Valderrobres,20.22,19.51
1900,44247,Valjunquera,1225,Valjunquera,40.00,13.84
1900,44249,Vallecillo El,467,Vallecillo El,50.00,2.08
1900,44250,Veguillas de la Sierra,292,Veguillas de la Sierra,50.00,0
1900,44251,Villafranca del Campo,988,Villafranca del Campo,36.70,12.45
1900,44252,Villahermosa del Campo,236,Villahermosa del Campo,29.78,9.57
1900,44256,Villanueva del Rebollar de la Sierra,309,Villanueva del Rebollar de la Sierra,38.29,14.89
1900,44257,Villar del Cobo,596,Villar del Cobo,41.46,4.87
1900,44258,Villar del Salz,412,Villar del Salz,45.00,3.33
1900,44260,Villarluengo,2128,Villarluengo,23.16,12.99
1900,44261,Villarquemado,872,Villarquemado,28.65,13.22
1900,44262,Villarroya de los Pinares,1095,Villarroya de los Pinares,28.12,13.75
1900,44263,Villastar,737,Villastar,18.01,18.62
1900,44264,Villel,1182,Villel,27.82,12.53
1900,44265,Vinaceite,544,Vinaceite,33.73,13.25
1900,44266,Visiedo,656,Visiedo,53.60,9.60
1900,44267,Vivel del Río Martín,946,Vivel del Río Martín,49.36,2.53
1900,44268,La Zoma,181,La Zoma,50.00,0
1910,44001,Ababuj,458,,,
1910,44002,Abejuela,711,,,
1910,44003,Aguatón,185,,,
1910,44004,Aguaviva,1793,,,
1910,44005,Aguilar del Alfambra,496,,,
1910,44006,Alacón,1007,,,
1910,44007,Alba,694,,,
1910,44008,Albalate del Arzobispo,4537,,,
1910,44009,Albarracín,1752,,,
1910,44010,Albentosa,1038,,,
1910,44011,Alcaine,1347,,,
1910,44012,Alcalá de la Selva,1647,,,
1910,44013,Alcañiz,8397,,,
1910,44014,Alcorisa,3575,,,
1910,44016,Alfambra,1340,,,
1910,44017,Aliaga,1799,,,
1910,44018,Almohaja,271,,,
1910,44019,Alobras,561,,,
1910,44020,Alpeñés,241,,,
1910,44021,Allepuz,1014,,,
1910,44022,Alloza,1926,,,
1910,44023,Allueva,208,,,
1910,44024,Anadón,391,,,
1910,44025,Andorra,2979,,,
1910,44026,Arcos de las Salinas,1280,,,
1910,44027,Arens de Lledó,766,,,
1910,44028,Argente,710,,,
1910,44029,Ariño,1506,,,
1910,44031,Azaila,778,,,
1910,44032,Bádenas,451,,,
1910,44033,Báguena,1402,,,
1910,44034,Bañón,720,,,
1910,44035,Barrachina,722,,,
1910,44036,Bea,167,,,
1910,44037,Beceite,1902,,,
1910,44038,Belmonte de San José,820,,,
1910,44039,Bello,1145,,,
1910,44040,Berge,804,,,
1910,44041,Bezas,336,,,
1910,44042,Blancas,921,,,
1910,44043,Blesa,1430,,,
1910,44044,Bordón,527,,,
1910,44045,Bronchales,991,,,
1910,44046,Bueña,368,,,
1910,44047,Burbáguena,1168,,,
1910,44048,Cabra de Mora,538,,,
1910,44049,Calaceite,2777,,,
1910,44050,Calamocha,6385,,,
1910,44051,Calanda,4286,,,
1910,44052,Calomarde,431,,,
1910,44053,Camañas,500,,,
1910,44054,Camarena de la Sierra,881,,,
1910,44055,Camarillas,782,,,
1910,44056,Caminreal,1420,,,
1910,44059,Cantavieja,2049,,,
1910,44060,Cañada de Benatanduz,611,,,
1910,44061,Cañada de Verich La,318,,,
1910,44062,Cañada Vellida,192,,,
1910,44063,Cañizar del Olivar,579,,,
1910,44064,Cascante del Río,612,,,
1910,44065,Castejón de Tornos,492,,,
1910,44066,Castel de Cabra,603,,,
1910,44067,Castelnou,549,,,
1910,44068,Castelserás,2154,,,
1910,44070,Castellar El,491,,,
1910,44071,Castellote,5398,,,
1910,44074,Cedrillas,987,,,
1910,44075,Celadas,883,,,
1910,44076,Cella,2751,,,
1910,44077,Cerollera La,465,,,
1910,44080,Codoñera La,1099,,,
1910,44082,Corbalán,480,,,
1910,44084,Cortes de Aragón,531,,,
1910,44085,Cosa,415,,,
1910,44086,Cretas,1698,,,
1910,44087,Crivillén,997,,,
1910,44088,Cuba La,396,,,
1910,44089,Cubla,309,,,
1910,44090,Cucalón,523,,,
1910,44092,Cuervo El,481,,,
1910,44093,Cuevas de Almudén,233,,,
1910,44094,Cuevas Labradas,401,,,
1910,44096,Ejulve,1413,,,
1910,44097,Escorihuela,546,,,
1910,44099,Escucha,751,,,
1910,44100,Estercuel,1256,,,
1910,44101,Ferreruela de Huerva,293,,,
1910,44102,Fonfría,189,,,
1910,44103,Formiche Alto,942,,,
1910,44105,Fórnoles,753,,,
1910,44106,Fortanete,1406,,,
1910,44107,Foz-Calanda,764,,,
1910,44108,Fresneda La,1915,,,
1910,44109,Frías de Albarracín,696,,,
1910,44110,Fuenferrada,407,,,
1910,44111,Fuentes Calientes,253,,,
1910,44112,Fuentes Claras,1179,,,
1910,44113,Fuentes de Rubielos,882,,,
1910,44114,Fuentespalda,938,,,
1910,44115,Galve,450,,,
1910,44116,Gargallo,609,,,
1910,44117,Gea de Albarracín,1110,,,
1910,44118,Ginebrosa La,1152,,,
1910,44119,Griegos,429,,,
1910,44120,Guadalaviar,562,,,
1910,44121,Gúdar,689,,,
1910,44122,Híjar,3776,,,
1910,44123,Hinojosa de Jarque,521,,,
1910,44124,Hoz de la Vieja La,975,,,
1910,44125,Huesa del Común,1432,,,
1910,44126,Iglesuela del Cid La,1486,,,
1910,44127,Jabaloyas,959,,,
1910,44128,Jarque de la Val,290,,,
1910,44129,Jatiel,252,,,
1910,44130,Jorcas,429,,,
1910,44131,Josa,646,,,
1910,44132,Lagueruela,294,,,
1910,44133,Lanzuela,224,,,
1910,44135,Libros,755,,,
1910,44136,Lidón,316,,,
1910,44137,Linares de Mora,1679,,,
1910,44138,Loscos,1522,,,
1910,44141,Lledó,629,,,
1910,44142,Maicas,440,,,
1910,44143,Manzanera,2985,,,
1910,44144,Martín del Río,825,,,
1910,44145,Mas de las Matas,2223,,,
1910,44146,Mata de los Olmos La,467,,,
1910,44147,Mazaleón,1443,,,
1910,44148,Mezquita de Jarque,319,,,
1910,44149,Mirambel,851,,,
1910,44150,Miravete de la Sierra,496,,,
1910,44151,Molinos,1410,,,
1910,44152,Monforte de Moyuela,745,,,
1910,44153,Monreal del Campo,2606,,,
1910,44154,Monroyo,1311,,,
1910,44155,Montalbán,2229,,,
1910,44156,Monteagudo del Castillo,476,,,
1910,44157,Monterde de Albarracín,505,,,
1910,44158,Mora de Rubielos,3101,,,
1910,44159,Moscardón,496,,,
1910,44160,Mosqueruela,3140,,,
1910,44161,Muniesa,1917,,,
1910,44163,Noguera de Albarracín,493,,,
1910,44164,Nogueras,380,,,
1910,44165,Nogueruelas,1244,,,
1910,44167,Obón,1343,,,
1910,44168,Odón,925,,,
1910,44169,Ojos Negros,2573,,,
1910,44171,Olba,1743,,,
1910,44172,Oliete,2533,,,
1910,44173,Olmos Los,586,,,
1910,44174,Orihuela del Tremedal,897,,,
1910,44175,Orrios,418,,,
1910,44176,Palomar de Arroyos,654,,,
1910,44177,Pancrudo,1013,,,
1910,44178,Parras de Castellote Las,1201,,,
1910,44179,Peñarroya de Tastavins,1608,,,
1910,44180,Peracense,419,,,
1910,44181,Peralejos,272,,,
1910,44182,Perales del Alfambra,778,,,
1910,44183,Pitarque,883,,,
1910,44184,Plou,574,,,
1910,44185,Pobo El,556,,,
1910,44187,Portellada La,815,,,
1910,44189,Pozondón,592,,,
1910,44190,Pozuel del Campo,603,,,
1910,44191,La Puebla de Híjar,2360,,,
1910,44192,La Puebla de Valverde,2193,,,
1910,44193,Puertomingalvo,1406,,,
1910,44194,Ráfales,900,,,
1910,44195,Rillo,447,,,
1910,44196,Riodeva,697,,,
1910,44197,Ródenas,487,,,
1910,44198,Royuela,476,,,
1910,44199,Rubiales,269,,,
1910,44200,Rubielos de la Cérida,472,,,
1910,44201,Rubielos de Mora,2388,,,
1910,44203,Salcedillo,159,,,
1910,44204,Saldón,479,,,
1910,44205,Samper de Calanda,2815,,,
1910,44206,San Agustín,1240,,,
1910,44207,San Martín del Río,983,,,
1910,44208,Santa Cruz de Nogueras,367,,,
1910,44209,Santa Eulalia,1469,,,
1910,44210,Sarrión,2390,,,
1910,44211,Segura de los Baños,840,,,
1910,44212,Seno,455,,,
1910,44213,Singra,435,,,
1910,44215,Terriente,1145,,,
1910,44216,Teruel,15832,,,
1910,44217,Toril y Masegoso,362,,,
1910,44218,Tormón,267,,,
1910,44219,Tornos,584,,,
1910,44220,Torralba de los Sisones,623,,,
1910,44221,Torrecilla de Alcañiz,1128,,,
1910,44222,Torrecilla del Rebollar,849,,,
1910,44223,Torre de Arcas,463,,,
1910,44224,Torre de las Arcas,551,,,
1910,44225,Torre del Compte,790,,,
1910,44226,Torrelacárcel,635,,,
1910,44227,Torre los Negros,462,,,
1910,44228,Torremocha de Jiloca,458,,,
1910,44229,Torres de Albarracín,599,,,
1910,44230,Torrevelilla,890,,,
1910,44231,Torrijas,620,,,
1910,44232,Torrijo del Campo,1379,,,
1910,44234,Tramacastiel,608,,,
1910,44235,Tramacastilla,409,,,
1910,44236,Tronchón,991,,,
1910,44237,Urrea de Gaén,1258,,,
1910,44238,Utrillas,1196,,,
1910,44239,Valacloche,219,,,
1910,44240,Valbona,765,,,
1910,44241,Valdealgorfa,1819,,,
1910,44243,Valdecuenca,388,,,
1910,44244,Valdelinares,816,,,
1910,44245,Valdeltormo,774,,,
1910,44246,Valderrobres,3262,,,
1910,44247,Valjunquera,1297,,,
1910,44249,Vallecillo El,510,,,
1910,44250,Veguillas de la Sierra,272,,,
1910,44251,Villafranca del Campo,1027,,,
1910,44252,Villahermosa del Campo,248,,,
1910,44256,Villanueva del Rebollar de la Sierra,314,,,
1910,44257,Villar del Cobo,648,,,
1910,44258,Villar del Salz,644,,,
1910,44260,Villarluengo,1968,,,
1910,44261,Villarquemado,998,,,
1910,44262,Villarroya de los Pinares,942,,,
1910,44263,Villastar,731,,,
1910,44264,Villel,1210,,,
1910,44265,Vinaceite,654,,,
1910,44266,Visiedo,593,,,
1910,44267,Vivel del Río Martín,981,,,
1910,44268,La Zoma,167,,,
1920,44001,Ababuj,409,,,
1920,44002,Abejuela,696,,,
1920,44003,Aguatón,179,,,
1920,44004,Aguaviva,1761,,,
1920,44005,Aguilar del Alfambra,536,,,
1920,44006,Alacón,1070,,,
1920,44007,Alba,732,,,
1920,44008,Albalate del Arzobispo,4726,,,
1920,44009,Albarracín,1780,,,
1920,44010,Albentosa,1168,,,
1920,44011,Alcaine,1108,,,
1920,44012,Alcalá de la Selva,1667,,,
1920,44013,Alcañiz,8596,,,
1920,44014,Alcorisa,3654,,,
1920,44016,Alfambra,1399,,,
1920,44017,Aliaga,1638,,,
1920,44018,Almohaja,258,,,
1920,44019,Alobras,533,,,
1920,44020,Alpeñés,248,,,
1920,44021,Allepuz,941,,,
1920,44022,Alloza,1882,,,
1920,44023,Allueva,220,,,
1920,44024,Anadón,349,,,
1920,44025,Andorra,3084,,,
1920,44026,Arcos de las Salinas,1160,,,
1920,44027,Arens de Lledó,725,,,
1920,44028,Argente,699,,,
1920,44029,Ariño,1555,,,
1920,44031,Azaila,777,,,
1920,44032,Bádenas,368,,,
1920,44033,Báguena,1430,,,
1920,44034,Bañón,676,,,
1920,44035,Barrachina,658,,,
1920,44036,Bea,186,,,
1920,44037,Beceite,1965,,,
1920,44038,Belmonte de San José,745,,,
1920,44039,Bello,1275,,,
1920,44040,Berge,743,,,
1920,44041,Bezas,368,,,
1920,44042,Blancas,965,,,
1920,44043,Blesa,1392,,,
1920,44044,Bordón,567,,,
1920,44045,Bronchales,1110,,,
1920,44046,Bueña,419,,,
1920,44047,Burbáguena,1227,,,
1920,44048,Cabra de Mora,463,,,
1920,44049,Calaceite,2899,,,
1920,44050,Calamocha,7099,,,
1920,44051,Calanda,4251,,,
1920,44052,Calomarde,382,,,
1920,44053,Camañas,445,,,
1920,44054,Camarena de la Sierra,900,,,
1920,44055,Camarillas,717,,,
1920,44056,Caminreal,1649,,,
1920,44059,Cantavieja,2005,,,
1920,44060,Cañada de Benatanduz,522,,,
1920,44061,Cañada de Verich La,274,,,
1920,44062,Cañada Vellida,211,,,
1920,44063,Cañizar del Olivar,503,,,
1920,44064,Cascante del Río,576,,,
1920,44065,Castejón de Tornos,518,,,
1920,44066,Castel de Cabra,530,,,
1920,44067,Castelnou,505,,,
1920,44068,Castelserás,2186,,,
1920,44070,Castellar El,489,,,
1920,44071,Castellote,4890,,,
1920,44074,Cedrillas,1029,,,
1920,44075,Celadas,907,,,
1920,44076,Cella,3197,,,
1920,44077,Cerollera La,415,,,
1920,44080,Codoñera La,1223,,,
1920,44082,Corbalán,469,,,
1920,44084,Cortes de Aragón,519,,,
1920,44085,Cosa,419,,,
1920,44086,Cretas,1801,,,
1920,44087,Crivillén,845,,,
1920,44088,Cuba La,376,,,
1920,44089,Cubla,327,,,
1920,44090,Cucalón,515,,,
1920,44092,Cuervo El,567,,,
1920,44093,Cuevas de Almudén,252,,,
1920,44094,Cuevas Labradas,393,,,
1920,44096,Ejulve,1352,,,
1920,44097,Escorihuela,537,,,
1920,44099,Escucha,806,,,
1920,44100,Estercuel,1152,,,
1920,44101,Ferreruela de Huerva,297,,,
1920,44102,Fonfría,207,,,
1920,44103,Formiche Alto,962,,,
1920,44105,Fórnoles,792,,,
1920,44106,Fortanete,1355,,,
1920,44107,Foz-Calanda,710,,,
1920,44108,Fresneda La,2008,,,
1920,44109,Frías de Albarracín,672,,,
1920,44110,Fuenferrada,339,,,
1920,44111,Fuentes Calientes,268,,,
1920,44112,Fuentes Claras,1178,,,
1920,44113,Fuentes de Rubielos,871,,,
1920,44114,Fuentespalda,821,,,
1920,44115,Galve,407,,,
1920,44116,Gargallo,614,,,
1920,44117,Gea de Albarracín,1076,,,
1920,44118,Ginebrosa La,991,,,
1920,44119,Griegos,481,,,
1920,44120,Guadalaviar,631,,,
1920,44121,Gúdar,657,,,
1920,44122,Híjar,3850,,,
1920,44123,Hinojosa de Jarque,510,,,
1920,44124,Hoz de la Vieja La,977,,,
1920,44125,Huesa del Común,1223,,,
1920,44126,Iglesuela del Cid La,1430,,,
1920,44127,Jabaloyas,708,,,
1920,44128,Jarque de la Val,338,,,
1920,44129,Jatiel,257,,,
1920,44130,Jorcas,384,,,
1920,44131,Josa,526,,,
1920,44132,Lagueruela,283,,,
1920,44133,Lanzuela,238,,,
1920,44135,Libros,794,,,
1920,44136,Lidón,345,,,
1920,44137,Linares de Mora,1515,,,
1920,44138,Loscos,1461,,,
1920,44141,Lledó,543,,,
1920,44142,Maicas,390,,,
1920,44143,Manzanera,2368,,,
1920,44144,Martín del Río,882,,,
1920,44145,Mas de las Matas,2142,,,
1920,44146,Mata de los Olmos La,445,,,
1920,44147,Mazaleón,1627,,,
1920,44148,Mezquita de Jarque,326,,,
1920,44149,Mirambel,791,,,
1920,44150,Miravete de la Sierra,399,,,
1920,44151,Molinos,1150,,,
1920,44152,Monforte de Moyuela,740,,,
1920,44153,Monreal del Campo,2737,,,
1920,44154,Monroyo,1184,,,
1920,44155,Montalbán,2339,,,
1920,44156,Monteagudo del Castillo,531,,,
1920,44157,Monterde de Albarracín,531,,,
1920,44158,Mora de Rubielos,2898,,,
1920,44159,Moscardón,503,,,
1920,44160,Mosqueruela,3010,,,
1920,44161,Muniesa,2112,,,
1920,44163,Noguera de Albarracín,583,,,
1920,44164,Nogueras,333,,,
1920,44165,Nogueruelas,1006,,,
1920,44167,Obón,1130,,,
1920,44168,Odón,958,,,
1920,44169,Ojos Negros,2114,,,
1920,44171,Olba,1793,,,
1920,44172,Oliete,2327,,,
1920,44173,Olmos Los,518,,,
1920,44174,Orihuela del Tremedal,1052,,,
1920,44175,Orrios,409,,,
1920,44176,Palomar de Arroyos,612,,,
1920,44177,Pancrudo,1097,,,
1920,44178,Parras de Castellote Las,985,,,
1920,44179,Peñarroya de Tastavins,1600,,,
1920,44180,Peracense,431,,,
1920,44181,Peralejos,279,,,
1920,44182,Perales del Alfambra,848,,,
1920,44183,Pitarque,889,,,
1920,44184,Plou,493,,,
1920,44185,Pobo El,553,,,
1920,44187,Portellada La,823,,,
1920,44189,Pozondón,595,,,
1920,44190,Pozuel del Campo,602,,,
1920,44191,La Puebla de Híjar,2724,,,
1920,44192,La Puebla de Valverde,2242,,,
1920,44193,Puertomingalvo,1421,,,
1920,44194,Ráfales,907,,,
1920,44195,Rillo,527,,,
1920,44196,Riodeva,765,,,
1920,44197,Ródenas,503,,,
1920,44198,Royuela,482,,,
1920,44199,Rubiales,254,,,
1920,44200,Rubielos de la Cérida,474,,,
1920,44201,Rubielos de Mora,2129,,,
1920,44203,Salcedillo,134,,,
1920,44204,Saldón,470,,,
1920,44205,Samper de Calanda,2626,,,
1920,44206,San Agustín,1477,,,
1920,44207,San Martín del Río,919,,,
1920,44208,Santa Cruz de Nogueras,345,,,
1920,44209,Santa Eulalia,2140,,,
1920,44210,Sarrión,2396,,,
1920,44211,Segura de los Baños,754,,,
1920,44212,Seno,389,,,
1920,44213,Singra,455,,,
1920,44215,Terriente,1135,,,
1920,44216,Teruel,15145,,,
1920,44217,Toril y Masegoso,344,,,
1920,44218,Tormón,310,,,
1920,44219,Tornos,740,,,
1920,44220,Torralba de los Sisones,609,,,
1920,44221,Torrecilla de Alcañiz,1087,,,
1920,44222,Torrecilla del Rebollar,918,,,
1920,44223,Torre de Arcas,524,,,
1920,44224,Torre de las Arcas,521,,,
1920,44225,Torre del Compte,848,,,
1920,44226,Torrelacárcel,705,,,
1920,44227,Torre los Negros,496,,,
1920,44228,Torremocha de Jiloca,512,,,
1920,44229,Torres de Albarracín,540,,,
1920,44230,Torrevelilla,798,,,
1920,44231,Torrijas,571,,,
1920,44232,Torrijo del Campo,1443,,,
1920,44234,Tramacastiel,600,,,
1920,44235,Tramacastilla,387,,,
1920,44236,Tronchón,880,,,
1920,44237,Urrea de Gaén,1372,,,
1920,44238,Utrillas,1381,,,
1920,44239,Valacloche,238,,,
1920,44240,Valbona,709,,,
1920,44241,Valdealgorfa,1882,,,
1920,44243,Valdecuenca,432,,,
1920,44244,Valdelinares,724,,,
1920,44245,Valdeltormo,831,,,
1920,44246,Valderrobres,3197,,,
1920,44247,Valjunquera,1322,,,
1920,44249,Vallecillo El,442,,,
1920,44250,Veguillas de la Sierra,211,,,
1920,44251,Villafranca del Campo,1098,,,
1920,44252,Villahermosa del Campo,274,,,
1920,44256,Villanueva del Rebollar de la Sierra,330,,,
1920,44257,Villar del Cobo,586,,,
1920,44258,Villar del Salz,466,,,
1920,44260,Villarluengo,1733,,,
1920,44261,Villarquemado,1310,,,
1920,44262,Villarroya de los Pinares,875,,,
1920,44263,Villastar,719,,,
1920,44264,Villel,1282,,,
1920,44265,Vinaceite,653,,,
1920,44266,Visiedo,620,,,
1920,44267,Vivel del Río Martín,956,,,
1920,44268,La Zoma,160,,,
1930,44001,Ababuj,373,,,
1930,44002,Abejuela,597,,,
1930,44003,Aguatón,194,,,
1930,44004,Aguaviva,1863,,,
1930,44005,Aguilar del Alfambra,494,,,
1930,44006,Alacón,1038,,,
1930,44007,Alba,786,,,
1930,44008,Albalate del Arzobispo,4640,,,
1930,44009,Albarracín,1688,,,
1930,44010,Albentosa,1195,,,
1930,44011,Alcaine,968,,,
1930,44012,Alcalá de la Selva,1648,,,
1930,44013,Alcañiz,8961,,,
1930,44014,Alcorisa,3809,,,
1930,44016,Alfambra,1586,,,
1930,44017,Aliaga,1578,,,
1930,44018,Almohaja,218,,,
1930,44019,Alobras,449,,,
1930,44020,Alpeñés,226,,,
1930,44021,Allepuz,893,,,
1930,44022,Alloza,1651,,,
1930,44023,Allueva,254,,,
1930,44024,Anadón,366,,,
1930,44025,Andorra,3195,,,
1930,44026,Arcos de las Salinas,971,,,
1930,44027,Arens de Lledó,660,,,
1930,44028,Argente,724,,,
1930,44029,Ariño,1329,,,
1930,44031,Azaila,672,,,
1930,44032,Bádenas,326,,,
1930,44033,Báguena,1474,,,
1930,44034,Bañón,766,,,
1930,44035,Barrachina,655,,,
1930,44036,Bea,194,,,
1930,44037,Beceite,1761,,,
1930,44038,Belmonte de San José,626,,,
1930,44039,Bello,1435,,,
1930,44040,Berge,677,,,
1930,44041,Bezas,388,,,
1930,44042,Blancas,1059,,,
1930,44043,Blesa,1359,,,
1930,44044,Bordón,579,,,
1930,44045,Bronchales,1039,,,
1930,44046,Bueña,439,,,
1930,44047,Burbáguena,1282,,,
1930,44048,Cabra de Mora,418,,,
1930,44049,Calaceite,2751,,,
1930,44050,Calamocha,7647,,,
1930,44051,Calanda,4052,,,
1930,44052,Calomarde,377,,,
1930,44053,Camañas,516,,,
1930,44054,Camarena de la Sierra,787,,,
1930,44055,Camarillas,677,,,
1930,44056,Caminreal,1691,,,
1930,44059,Cantavieja,1866,,,
1930,44060,Cañada de Benatanduz,490,,,
1930,44061,Cañada de Verich La,225,,,
1930,44062,Cañada Vellida,201,,,
1930,44063,Cañizar del Olivar,385,,,
1930,44064,Cascante del Río,584,,,
1930,44065,Castejón de Tornos,537,,,
1930,44066,Castel de Cabra,548,,,
1930,44067,Castelnou,492,,,
1930,44068,Castelserás,2087,,,
1930,44070,Castellar El,471,,,
1930,44071,Castellote,4400,,,
1930,44074,Cedrillas,1034,,,
1930,44075,Celadas,962,,,
1930,44076,Cella,3685,,,
1930,44077,Cerollera La,341,,,
1930,44080,Codoñera La,982,,,
1930,44082,Corbalán,510,,,
1930,44084,Cortes de Aragón,537,,,
1930,44085,Cosa,490,,,
1930,44086,Cretas,1704,,,
1930,44087,Crivillén,762,,,
1930,44088,Cuba La,339,,,
1930,44089,Cubla,377,,,
1930,44090,Cucalón,567,,,
1930,44092,Cuervo El,502,,,
1930,44093,Cuevas de Almudén,251,,,
1930,44094,Cuevas Labradas,394,,,
1930,44096,Ejulve,1139,,,
1930,44097,Escorihuela,604,,,
1930,44099,Escucha,773,,,
1930,44100,Estercuel,1088,,,
1930,44101,Ferreruela de Huerva,323,,,
1930,44102,Fonfría,214,,,
1930,44103,Formiche Alto,853,,,
1930,44105,Fórnoles,739,,,
1930,44106,Fortanete,1301,,,
1930,44107,Foz-Calanda,713,,,
1930,44108,Fresneda La,1698,,,
1930,44109,Frías de Albarracín,605,,,
1930,44110,Fuenferrada,374,,,
1930,44111,Fuentes Calientes,278,,,
1930,44112,Fuentes Claras,1318,,,
1930,44113,Fuentes de Rubielos,772,,,
1930,44114,Fuentespalda,825,,,
1930,44115,Galve,386,,,
1930,44116,Gargallo,503,,,
1930,44117,Gea de Albarracín,1151,,,
1930,44118,Ginebrosa La,912,,,
1930,44119,Griegos,455,,,
1930,44120,Guadalaviar,591,,,
1930,44121,Gúdar,508,,,
1930,44122,Híjar,3807,,,
1930,44123,Hinojosa de Jarque,536,,,
1930,44124,Hoz de la Vieja La,979,,,
1930,44125,Huesa del Común,1194,,,
1930,44126,Iglesuela del Cid La,1345,,,
1930,44127,Jabaloyas,783,,,
1930,44128,Jarque de la Val,318,,,
1930,44129,Jatiel,254,,,
1930,44130,Jorcas,377,,,
1930,44131,Josa,454,,,
1930,44132,Lagueruela,363,,,
1930,44133,Lanzuela,249,,,
1930,44135,Libros,1586,,,
1930,44136,Lidón,384,,,
1930,44137,Linares de Mora,1359,,,
1930,44138,Loscos,1467,,,
1930,44141,Lledó,550,,,
1930,44142,Maicas,384,,,
1930,44143,Manzanera,2387,,,
1930,44144,Martín del Río,895,,,
1930,44145,Mas de las Matas,2102,,,
1930,44146,Mata de los Olmos La,455,,,
1930,44147,Mazaleón,1653,,,
1930,44148,Mezquita de Jarque,355,,,
1930,44149,Mirambel,810,,,
1930,44150,Miravete de la Sierra,341,,,
1930,44151,Molinos,1130,,,
1930,44152,Monforte de Moyuela,677,,,
1930,44153,Monreal del Campo,3253,,,
1930,44154,Monroyo,1080,,,
1930,44155,Montalbán,2150,,,
1930,44156,Monteagudo del Castillo,507,,,
1930,44157,Monterde de Albarracín,566,,,
1930,44158,Mora de Rubielos,2790,,,
1930,44159,Moscardón,459,,,
1930,44160,Mosqueruela,2639,,,
1930,44161,Muniesa,2266,,,
1930,44163,Noguera de Albarracín,550,,,
1930,44164,Nogueras,404,,,
1930,44165,Nogueruelas,810,,,
1930,44167,Obón,1069,,,
1930,44168,Odón,946,,,
1930,44169,Ojos Negros,2815,,,
1930,44171,Olba,1469,,,
1930,44172,Oliete,2258,,,
1930,44173,Olmos Los,513,,,
1930,44174,Orihuela del Tremedal,1118,,,
1930,44175,Orrios,430,,,
1930,44176,Palomar de Arroyos,607,,,
1930,44177,Pancrudo,1012,,,
1930,44178,Parras de Castellote Las,860,,,
1930,44179,Peñarroya de Tastavins,1507,,,
1930,44180,Peracense,455,,,
1930,44181,Peralejos,339,,,
1930,44182,Perales del Alfambra,832,,,
1930,44183,Pitarque,860,,,
1930,44184,Plou,433,,,
1930,44185,Pobo El,512,,,
1930,44187,Portellada La,765,,,
1930,44189,Pozondón,616,,,
1930,44190,Pozuel del Campo,634,,,
1930,44191,La Puebla de Híjar,2849,,,
1930,44192,La Puebla de Valverde,2133,,,
1930,44193,Puertomingalvo,1309,,,
1930,44194,Ráfales,809,,,
1930,44195,Rillo,520,,,
1930,44196,Riodeva,805,,,
1930,44197,Ródenas,470,,,
1930,44198,Royuela,529,,,
1930,44199,Rubiales,265,,,
1930,44200,Rubielos de la Cérida,480,,,
1930,44201,Rubielos de Mora,1873,,,
1930,44203,Salcedillo,164,,,
1930,44204,Saldón,502,,,
1930,44205,Samper de Calanda,2698,,,
1930,44206,San Agustín,1332,,,
1930,44207,San Martín del Río,1072,,,
1930,44208,Santa Cruz de Nogueras,315,,,
1930,44209,Santa Eulalia,2626,,,
1930,44210,Sarrión,2517,,,
1930,44211,Segura de los Baños,768,,,
1930,44212,Seno,354,,,
1930,44213,Singra,469,,,
1930,44215,Terriente,1030,,,
1930,44216,Teruel,16384,,,
1930,44217,Toril y Masegoso,328,,,
1930,44218,Tormón,342,,,
1930,44219,Tornos,852,,,
1930,44220,Torralba de los Sisones,675,,,
1930,44221,Torrecilla de Alcañiz,1075,,,
1930,44222,Torrecilla del Rebollar,897,,,
1930,44223,Torre de Arcas,469,,,
1930,44224,Torre de las Arcas,448,,,
1930,44225,Torre del Compte,855,,,
1930,44226,Torrelacárcel,822,,,
1930,44227,Torre los Negros,470,,,
1930,44228,Torremocha de Jiloca,555,,,
1930,44229,Torres de Albarracín,504,,,
1930,44230,Torrevelilla,735,,,
1930,44231,Torrijas,527,,,
1930,44232,Torrijo del Campo,1586,,,
1930,44234,Tramacastiel,524,,,
1930,44235,Tramacastilla,391,,,
1930,44236,Tronchón,802,,,
1930,44237,Urrea de Gaén,1361,,,
1930,44238,Utrillas,1652,,,
1930,44239,Valacloche,205,,,
1930,44240,Valbona,806,,,
1930,44241,Valdealgorfa,1917,,,
1930,44243,Valdecuenca,445,,,
1930,44244,Valdelinares,645,,,
1930,44245,Valdeltormo,774,,,
1930,44246,Valderrobres,3148,,,
1930,44247,Valjunquera,1213,,,
1930,44249,Vallecillo El,409,,,
1930,44250,Veguillas de la Sierra,217,,,
1930,44251,Villafranca del Campo,1085,,,
1930,44252,Villahermosa del Campo,287,,,
1930,44256,Villanueva del Rebollar de la Sierra,330,,,
1930,44257,Villar del Cobo,517,,,
1930,44258,Villar del Salz,587,,,
1930,44260,Villarluengo,1487,,,
1930,44261,Villarquemado,1661,,,
1930,44262,Villarroya de los Pinares,772,,,
1930,44263,Villastar,846,,,
1930,44264,Villel,1227,,,
1930,44265,Vinaceite,729,,,
1930,44266,Visiedo,629,,,
1930,44267,Vivel del Río Martín,913,,,
1930,44268,La Zoma,143,,,
1940,44001,Ababuj,409,,,
1940,44002,Abejuela,561,,,
1940,44003,Aguatón,139,,,
1940,44004,Aguaviva,1723,,,
1940,44005,Aguilar del Alfambra,442,,,
1940,44006,Alacón,1071,,,
1940,44007,Alba,761,,,
1940,44008,Albalate del Arzobispo,4367,,,
1940,44009,Albarracín,1404,,,
1940,44010,Albentosa,1057,,,
1940,44011,Alcaine,909,,,
1940,44012,Alcalá de la Selva,1528,,,
1940,44013,Alcañiz,8691,,,
1940,44014,Alcorisa,3429,,,
1940,44016,Alfambra,1304,,,
1940,44017,Aliaga,1513,,,
1940,44018,Almohaja,214,,,
1940,44019,Alobras,441,,,
1940,44020,Alpeñés,161,,,
1940,44021,Allepuz,767,,,
1940,44022,Alloza,1773,,,
1940,44023,Allueva,224,,,
1940,44024,Anadón,209,,,
1940,44025,Andorra,3195,,,
1940,44026,Arcos de las Salinas,860,,,
1940,44027,Arens de Lledó,589,,,
1940,44028,Argente,643,,,
1940,44029,Ariño,1288,,,
1940,44031,Azaila,599,,,
1940,44032,Bádenas,245,,,
1940,44033,Báguena,1526,,,
1940,44034,Bañón,742,,,
1940,44035,Barrachina,635,,,
1940,44036,Bea,179,,,
1940,44037,Beceite,1278,,,
1940,44038,Belmonte de San José,524,,,
1940,44039,Bello,1396,,,
1940,44040,Berge,645,,,
1940,44041,Bezas,345,,,
1940,44042,Blancas,1011,,,
1940,44043,Blesa,1081,,,
1940,44044,Bordón,524,,,
1940,44045,Bronchales,1009,,,
1940,44046,Bueña,417,,,
1940,44047,Burbáguena,1331,,,
1940,44048,Cabra de Mora,367,,,
1940,44049,Calaceite,2134,,,
1940,44050,Calamocha,8128,,,
1940,44051,Calanda,3975,,,
1940,44052,Calomarde,352,,,
1940,44053,Camañas,410,,,
1940,44054,Camarena de la Sierra,584,,,
1940,44055,Camarillas,675,,,
1940,44056,Caminreal,1835,,,
1940,44059,Cantavieja,1674,,,
1940,44060,Cañada de Benatanduz,452,,,
1940,44061,Cañada de Verich La,242,,,
1940,44062,Cañada Vellida,191,,,
1940,44063,Cañizar del Olivar,483,,,
1940,44064,Cascante del Río,553,,,
1940,44065,Castejón de Tornos,510,,,
1940,44066,Castel de Cabra,518,,,
1940,44067,Castelnou,442,,,
1940,44068,Castelserás,1857,,,
1940,44070,Castellar El,501,,,
1940,44071,Castellote,3700,,,
1940,44074,Cedrillas,1012,,,
1940,44075,Celadas,777,,,
1940,44076,Cella,3834,,,
1940,44077,Cerollera La,355,,,
1940,44080,Codoñera La,878,,,
1940,44082,Corbalán,457,,,
1940,44084,Cortes de Aragón,465,,,
1940,44085,Cosa,483,,,
1940,44086,Cretas,1512,,,
1940,44087,Crivillén,795,,,
1940,44088,Cuba La,336,,,
1940,44089,Cubla,359,,,
1940,44090,Cucalón,545,,,
1940,44092,Cuervo El,474,,,
1940,44093,Cuevas de Almudén,241,,,
1940,44094,Cuevas Labradas,391,,,
1940,44096,Ejulve,967,,,
1940,44097,Escorihuela,576,,,
1940,44099,Escucha,818,,,
1940,44100,Estercuel,1109,,,
1940,44101,Ferreruela de Huerva,371,,,
1940,44102,Fonfría,191,,,
1940,44103,Formiche Alto,769,,,
1940,44105,Fórnoles,677,,,
1940,44106,Fortanete,1095,,,
1940,44107,Foz-Calanda,722,,,
1940,44108,Fresneda La,1591,,,
1940,44109,Frías de Albarracín,536,,,
1940,44110,Fuenferrada,323,,,
1940,44111,Fuentes Calientes,279,,,
1940,44112,Fuentes Claras,1540,,,
1940,44113,Fuentes de Rubielos,677,,,
1940,44114,Fuentespalda,762,,,
1940,44115,Galve,405,,,
1940,44116,Gargallo,494,,,
1940,44117,Gea de Albarracín,1086,,,
1940,44118,Ginebrosa La,957,,,
1940,44119,Griegos,294,,,
1940,44120,Guadalaviar,474,,,
1940,44121,Gúdar,437,,,
1940,44122,Híjar,3688,,,
1940,44123,Hinojosa de Jarque,512,,,
1940,44124,Hoz de la Vieja La,967,,,
1940,44125,Huesa del Común,915,,,
1940,44126,Iglesuela del Cid La,1229,,,
1940,44127,Jabaloyas,590,,,
1940,44128,Jarque de la Val,294,,,
1940,44129,Jatiel,260,,,
1940,44130,Jorcas,369,,,
1940,44131,Josa,384,,,
1940,44132,Lagueruela,405,,,
1940,44133,Lanzuela,247,,,
1940,44135,Libros,1278,,,
1940,44136,Lidón,348,,,
1940,44137,Linares de Mora,1222,,,
1940,44138,Loscos,1482,,,
1940,44141,Lledó,490,,,
1940,44142,Maicas,351,,,
1940,44143,Manzanera,2083,,,
1940,44144,Martín del Río,771,,,
1940,44145,Mas de las Matas,2107,,,
1940,44146,Mata de los Olmos La,499,,,
1940,44147,Mazaleón,1347,,,
1940,44148,Mezquita de Jarque,326,,,
1940,44149,Mirambel,732,,,
1940,44150,Miravete de la Sierra,293,,,
1940,44151,Molinos,1113,,,
1940,44152,Monforte de Moyuela,596,,,
1940,44153,Monreal del Campo,3578,,,
1940,44154,Monroyo,1002,,,
1940,44155,Montalbán,2368,,,
1940,44156,Monteagudo del Castillo,499,,,
1940,44157,Monterde de Albarracín,538,,,
1940,44158,Mora de Rubielos,2454,,,
1940,44159,Moscardón,402,,,
1940,44160,Mosqueruela,2214,,,
1940,44161,Muniesa,1947,,,
1940,44163,Noguera de Albarracín,435,,,
1940,44164,Nogueras,316,,,
1940,44165,Nogueruelas,754,,,
1940,44167,Obón,1107,,,
1940,44168,Odón,899,,,
1940,44169,Ojos Negros,1888,,,
1940,44171,Olba,1434,,,
1940,44172,Oliete,2044,,,
1940,44173,Olmos Los,539,,,
1940,44174,Orihuela del Tremedal,1093,,,
1940,44175,Orrios,455,,,
1940,44176,Palomar de Arroyos,684,,,
1940,44177,Pancrudo,766,,,
1940,44178,Parras de Castellote Las,778,,,
1940,44179,Peñarroya de Tastavins,1392,,,
1940,44180,Peracense,430,,,
1940,44181,Peralejos,282,,,
1940,44182,Perales del Alfambra,789,,,
1940,44183,Pitarque,746,,,
1940,44184,Plou,312,,,
1940,44185,Pobo El,503,,,
1940,44187,Portellada La,693,,,
1940,44189,Pozondón,576,,,
1940,44190,Pozuel del Campo,614,,,
1940,44191,La Puebla de Híjar,2542,,,
1940,44192,La Puebla de Valverde,1800,,,
1940,44193,Puertomingalvo,1181,,,
1940,44194,Ráfales,715,,,
1940,44195,Rillo,486,,,
1940,44196,Riodeva,842,,,
1940,44197,Ródenas,428,,,
1940,44198,Royuela,532,,,
1940,44199,Rubiales,186,,,
1940,44200,Rubielos de la Cérida,428,,,
1940,44201,Rubielos de Mora,1505,,,
1940,44203,Salcedillo,108,,,
1940,44204,Saldón,490,,,
1940,44205,Samper de Calanda,2524,,,
1940,44206,San Agustín,1267,,,
1940,44207,San Martín del Río,1053,,,
1940,44208,Santa Cruz de Nogueras,208,,,
1940,44209,Santa Eulalia,2887,,,
1940,44210,Sarrión,1958,,,
1940,44211,Segura de los Baños,553,,,
1940,44212,Seno,297,,,
1940,44213,Singra,456,,,
1940,44215,Terriente,896,,,
1940,44216,Teruel,16436,,,
1940,44217,Toril y Masegoso,251,,,
1940,44218,Tormón,265,,,
1940,44219,Tornos,916,,,
1940,44220,Torralba de los Sisones,666,,,
1940,44221,Torrecilla de Alcañiz,1047,,,
1940,44222,Torrecilla del Rebollar,858,,,
1940,44223,Torre de Arcas,432,,,
1940,44224,Torre de las Arcas,394,,,
1940,44225,Torre del Compte,678,,,
1940,44226,Torrelacárcel,844,,,
1940,44227,Torre los Negros,433,,,
1940,44228,Torremocha de Jiloca,507,,,
1940,44229,Torres de Albarracín,523,,,
1940,44230,Torrevelilla,524,,,
1940,44231,Torrijas,447,,,
1940,44232,Torrijo del Campo,1550,,,
1940,44234,Tramacastiel,549,,,
1940,44235,Tramacastilla,403,,,
1940,44236,Tronchón,757,,,
1940,44237,Urrea de Gaén,1285,,,
1940,44238,Utrillas,1512,,,
1940,44239,Valacloche,170,,,
1940,44240,Valbona,727,,,
1940,44241,Valdealgorfa,1662,,,
1940,44243,Valdecuenca,350,,,
1940,44244,Valdelinares,550,,,
1940,44245,Valdeltormo,754,,,
1940,44246,Valderrobres,2929,,,
1940,44247,Valjunquera,1145,,,
1940,44249,Vallecillo El,441,,,
1940,44250,Veguillas de la Sierra,210,,,
1940,44251,Villafranca del Campo,1032,,,
1940,44252,Villahermosa del Campo,276,,,
1940,44256,Villanueva del Rebollar de la Sierra,269,,,
1940,44257,Villar del Cobo,480,,,
1940,44258,Villar del Salz,449,,,
1940,44260,Villarluengo,1293,,,
1940,44261,Villarquemado,1591,,,
1940,44262,Villarroya de los Pinares,641,,,
1940,44263,Villastar,757,,,
1940,44264,Villel,1155,,,
1940,44265,Vinaceite,655,,,
1940,44266,Visiedo,555,,,
1940,44267,Vivel del Río Martín,874,,,
1940,44268,La Zoma,141,,,
1950,44001,Ababuj,400,,,
1950,44002,Abejuela,503,,,
1950,44003,Aguatón,153,,,
1950,44004,Aguaviva,1547,,,
1950,44005,Aguilar del Alfambra,392,,,
1950,44006,Alacón,1060,,,
1950,44007,Alba,701,,,
1950,44008,Albalate del Arzobispo,4341,,,
1950,44009,Albarracín,1501,,,
1950,44010,Albentosa,1075,,,
1950,44011,Alcaine,750,,,
1950,44012,Alcalá de la Selva,1333,,,
1950,44013,Alcañiz,9812,,,
1950,44014,Alcorisa,3208,,,
1950,44016,Alfambra,1579,,,
1950,44017,Aliaga,2019,,,
1950,44018,Almohaja,205,,,
1950,44019,Alobras,371,,,
1950,44020,Alpeñés,160,,,
1950,44021,Allepuz,743,,,
1950,44022,Alloza,1730,,,
1950,44023,Allueva,159,,,
1950,44024,Anadón,224,,,
1950,44025,Andorra,4472,,,
1950,44026,Arcos de las Salinas,814,,,
1950,44027,Arens de Lledó,595,,,
1950,44028,Argente,661,,,
1950,44029,Ariño,1571,,,
1950,44031,Azaila,579,,,
1950,44032,Bádenas,258,,,
1950,44033,Báguena,1523,,,
1950,44034,Bañón,728,,,
1950,44035,Barrachina,648,,,
1950,44036,Bea,196,,,
1950,44037,Beceite,1239,,,
1950,44038,Belmonte de San José,507,,,
1950,44039,Bello,1475,,,
1950,44040,Berge,549,,,
1950,44041,Bezas,339,,,
1950,44042,Blancas,932,,,
1950,44043,Blesa,973,,,
1950,44044,Bordón,471,,,
1950,44045,Bronchales,757,,,
1950,44046,Bueña,403,,,
1950,44047,Burbáguena,1396,,,
1950,44048,Cabra de Mora,330,,,
1950,44049,Calaceite,2122,,,
1950,44050,Calamocha,7881,,,
1950,44051,Calanda,3544,,,
1950,44052,Calomarde,381,,,
1950,44053,Camañas,431,,,
1950,44054,Camarena de la Sierra,572,,,
1950,44055,Camarillas,684,,,
1950,44056,Caminreal,1840,,,
1950,44059,Cantavieja,1587,,,
1950,44060,Cañada de Benatanduz,405,,,
1950,44061,Cañada de Verich La,261,,,
1950,44062,Cañada Vellida,206,,,
1950,44063,Cañizar del Olivar,509,,,
1950,44064,Cascante del Río,496,,,
1950,44065,Castejón de Tornos,493,,,
1950,44066,Castel de Cabra,533,,,
1950,44067,Castelnou,352,,,
1950,44068,Castelserás,1513,,,
1950,44070,Castellar El,396,,,
1950,44071,Castellote,3312,,,
1950,44074,Cedrillas,1031,,,
1950,44075,Celadas,875,,,
1950,44076,Cella,3909,,,
1950,44077,Cerollera La,301,,,
1950,44080,Codoñera La,801,,,
1950,44082,Corbalán,405,,,
1950,44084,Cortes de Aragón,401,,,
1950,44085,Cosa,470,,,
1950,44086,Cretas,1390,,,
1950,44087,Crivillén,778,,,
1950,44088,Cuba La,286,,,
1950,44089,Cubla,344,,,
1950,44090,Cucalón,536,,,
1950,44092,Cuervo El,401,,,
1950,44093,Cuevas de Almudén,244,,,
1950,44094,Cuevas Labradas,390,,,
1950,44096,Ejulve,923,,,
1950,44097,Escorihuela,577,,,
1950,44099,Escucha,1270,,,
1950,44100,Estercuel,1139,,,
1950,44101,Ferreruela de Huerva,363,,,
1950,44102,Fonfría,184,,,
1950,44103,Formiche Alto,711,,,
1950,44105,Fórnoles,501,,,
1950,44106,Fortanete,944,,,
1950,44107,Foz-Calanda,585,,,
1950,44108,Fresneda La,1171,,,
1950,44109,Frías de Albarracín,506,,,
1950,44110,Fuenferrada,318,,,
1950,44111,Fuentes Calientes,340,,,
1950,44112,Fuentes Claras,1421,,,
1950,44113,Fuentes de Rubielos,560,,,
1950,44114,Fuentespalda,677,,,
1950,44115,Galve,376,,,
1950,44116,Gargallo,480,,,
1950,44117,Gea de Albarracín,1022,,,
1950,44118,Ginebrosa La,867,,,
1950,44119,Griegos,396,,,
1950,44120,Guadalaviar,554,,,
1950,44121,Gúdar,308,,,
1950,44122,Híjar,3586,,,
1950,44123,Hinojosa de Jarque,549,,,
1950,44124,Hoz de la Vieja La,816,,,
1950,44125,Huesa del Común,824,,,
1950,44126,Iglesuela del Cid La,1119,,,
1950,44127,Jabaloyas,549,,,
1950,44128,Jarque de la Val,263,,,
1950,44129,Jatiel,218,,,
1950,44130,Jorcas,388,,,
1950,44131,Josa,340,,,
1950,44132,Lagueruela,373,,,
1950,44133,Lanzuela,223,,,
1950,44135,Libros,1008,,,
1950,44136,Lidón,335,,,
1950,44137,Linares de Mora,1079,,,
1950,44138,Loscos,1217,,,
1950,44141,Lledó,437,,,
1950,44142,Maicas,277,,,
1950,44143,Manzanera,1722,,,
1950,44144,Martín del Río,1023,,,
1950,44145,Mas de las Matas,1985,,,
1950,44146,Mata de los Olmos La,494,,,
1950,44147,Mazaleón,1258,,,
1950,44148,Mezquita de Jarque,345,,,
1950,44149,Mirambel,588,,,
1950,44150,Miravete de la Sierra,250,,,
1950,44151,Molinos,947,,,
1950,44152,Monforte de Moyuela,481,,,
1950,44153,Monreal del Campo,3554,,,
1950,44154,Monroyo,913,,,
1950,44155,Montalbán,2672,,,
1950,44156,Monteagudo del Castillo,423,,,
1950,44157,Monterde de Albarracín,501,,,
1950,44158,Mora de Rubielos,2276,,,
1950,44159,Moscardón,375,,,
1950,44160,Mosqueruela,1939,,,
1950,44161,Muniesa,1969,,,
1950,44163,Noguera de Albarracín,399,,,
1950,44164,Nogueras,309,,,
1950,44165,Nogueruelas,679,,,
1950,44167,Obón,1012,,,
1950,44168,Odón,881,,,
1950,44169,Ojos Negros,1853,,,
1950,44171,Olba,1261,,,
1950,44172,Oliete,1943,,,
1950,44173,Olmos Los,493,,,
1950,44174,Orihuela del Tremedal,1079,,,
1950,44175,Orrios,496,,,
1950,44176,Palomar de Arroyos,791,,,
1950,44177,Pancrudo,1024,,,
1950,44178,Parras de Castellote Las,752,,,
1950,44179,Peñarroya de Tastavins,1286,,,
1950,44180,Peracense,374,,,
1950,44181,Peralejos,273,,,
1950,44182,Perales del Alfambra,840,,,
1950,44183,Pitarque,657,,,
1950,44184,Plou,330,,,
1950,44185,Pobo El,555,,,
1950,44187,Portellada La,661,,,
1950,44189,Pozondón,544,,,
1950,44190,Pozuel del Campo,547,,,
1950,44191,La Puebla de Híjar,2738,,,
1950,44192,La Puebla de Valverde,1743,,,
1950,44193,Puertomingalvo,971,,,
1950,44194,Ráfales,644,,,
1950,44195,Rillo,542,,,
1950,44196,Riodeva,816,,,
1950,44197,Ródenas,449,,,
1950,44198,Royuela,573,,,
1950,44199,Rubiales,177,,,
1950,44200,Rubielos de la Cérida,428,,,
1950,44201,Rubielos de Mora,1391,,,
1950,44203,Salcedillo,102,,,
1950,44204,Saldón,413,,,
1950,44205,Samper de Calanda,2408,,,
1950,44206,San Agustín,1037,,,
1950,44207,San Martín del Río,1033,,,
1950,44208,Santa Cruz de Nogueras,215,,,
1950,44209,Santa Eulalia,2649,,,
1950,44210,Sarrión,1993,,,
1950,44211,Segura de los Baños,538,,,
1950,44212,Seno,247,,,
1950,44213,Singra,413,,,
1950,44215,Terriente,900,,,
1950,44216,Teruel,20337,,,
1950,44217,Toril y Masegoso,242,,,
1950,44218,Tormón,213,,,
1950,44219,Tornos,998,,,
1950,44220,Torralba de los Sisones,568,,,
1950,44221,Torrecilla de Alcañiz,900,,,
1950,44222,Torrecilla del Rebollar,918,,,
1950,44223,Torre de Arcas,404,,,
1950,44224,Torre de las Arcas,300,,,
1950,44225,Torre del Compte,594,,,
1950,44226,Torrelacárcel,781,,,
1950,44227,Torre los Negros,409,,,
1950,44228,Torremocha de Jiloca,480,,,
1950,44229,Torres de Albarracín,448,,,
1950,44230,Torrevelilla,530,,,
1950,44231,Torrijas,413,,,
1950,44232,Torrijo del Campo,1417,,,
1950,44234,Tramacastiel,462,,,
1950,44235,Tramacastilla,384,,,
1950,44236,Tronchón,714,,,
1950,44237,Urrea de Gaén,1144,,,
1950,44238,Utrillas,2180,,,
1950,44239,Valacloche,143,,,
1950,44240,Valbona,681,,,
1950,44241,Valdealgorfa,1505,,,
1950,44243,Valdecuenca,299,,,
1950,44244,Valdelinares,477,,,
1950,44245,Valdeltormo,693,,,
1950,44246,Valderrobres,2697,,,
1950,44247,Valjunquera,998,,,
1950,44249,Vallecillo El,385,,,
1950,44250,Veguillas de la Sierra,167,,,
1950,44251,Villafranca del Campo,934,,,
1950,44252,Villahermosa del Campo,318,,,
1950,44256,Villanueva del Rebollar de la Sierra,289,,,
1950,44257,Villar del Cobo,494,,,
1950,44258,Villar del Salz,488,,,
1950,44260,Villarluengo,1060,,,
1950,44261,Villarquemado,1630,,,
1950,44262,Villarroya de los Pinares,628,,,
1950,44263,Villastar,777,,,
1950,44264,Villel,1173,,,
1950,44265,Vinaceite,626,,,
1950,44266,Visiedo,589,,,
1950,44267,Vivel del Río Martín,819,,,
1950,44268,La Zoma,133,,,
1960,44001,Ababuj,362,,,
1960,44002,Abejuela,372,,,
1960,44003,Aguatón,129,,,
1960,44004,Aguaviva,1263,,,
1960,44005,Aguilar del Alfambra,314,,,
1960,44006,Alacón,990,,,
1960,44007,Alba,626,,,
1960,44008,Albalate del Arzobispo,3926,,,
1960,44009,Albarracín,1432,,,
1960,44010,Albentosa,803,,,
1960,44011,Alcaine,444,,,
1960,44012,Alcalá de la Selva,1043,,,
1960,44013,Alcañiz,10166,,,
1960,44014,Alcorisa,3406,,,
1960,44016,Alfambra,1551,,,
1960,44017,Aliaga,2466,,,
1960,44018,Almohaja,160,,,
1960,44019,Alobras,305,,,
1960,44020,Alpeñés,146,,,
1960,44021,Allepuz,724,,,
1960,44022,Alloza,1791,,,
1960,44023,Allueva,82,,,
1960,44024,Anadón,172,,,
1960,44025,Andorra,7821,,,
1960,44026,Arcos de las Salinas,625,,,
1960,44027,Arens de Lledó,486,,,
1960,44028,Argente,591,,,
1960,44029,Ariño,1744,,,
1960,44031,Azaila,496,,,
1960,44032,Bádenas,202,,,
1960,44033,Báguena,1328,,,
1960,44034,Bañón,597,,,
1960,44035,Barrachina,549,,,
1960,44036,Bea,126,,,
1960,44037,Beceite,1193,,,
1960,44038,Belmonte de San José,422,,,
1960,44039,Bello,1324,,,
1960,44040,Berge,452,,,
1960,44041,Bezas,363,,,
1960,44042,Blancas,793,,,
1960,44043,Blesa,746,,,
1960,44044,Bordón,385,,,
1960,44045,Bronchales,716,,,
1960,44046,Bueña,324,,,
1960,44047,Burbáguena,1018,,,
1960,44048,Cabra de Mora,306,,,
1960,44049,Calaceite,1752,,,
1960,44050,Calamocha,6746,,,
1960,44051,Calanda,3023,,,
1960,44052,Calomarde,320,,,
1960,44053,Camañas,419,,,
1960,44054,Camarena de la Sierra,423,,,
1960,44055,Camarillas,622,,,
1960,44056,Caminreal,1602,,,
1960,44059,Cantavieja,1338,,,
1960,44060,Cañada de Benatanduz,388,,,
1960,44061,Cañada de Verich La,319,,,
1960,44062,Cañada Vellida,208,,,
1960,44063,Cañizar del Olivar,398,,,
1960,44064,Cascante del Río,424,,,
1960,44065,Castejón de Tornos,417,,,
1960,44066,Castel de Cabra,534,,,
1960,44067,Castelnou,300,,,
1960,44068,Castelserás,1295,,,
1960,44070,Castellar El,306,,,
1960,44071,Castellote,2696,,,
1960,44074,Cedrillas,967,,,
1960,44075,Celadas,787,,,
1960,44076,Cella,3802,,,
1960,44077,Cerollera La,287,,,
1960,44080,Codoñera La,651,,,
1960,44082,Corbalán,379,,,
1960,44084,Cortes de Aragón,319,,,
1960,44085,Cosa,429,,,
1960,44086,Cretas,1121,,,
1960,44087,Crivillén,653,,,
1960,44088,Cuba La,204,,,
1960,44089,Cubla,298,,,
1960,44090,Cucalón,374,,,
1960,44092,Cuervo El,333,,,
1960,44093,Cuevas de Almudén,232,,,
1960,44094,Cuevas Labradas,370,,,
1960,44096,Ejulve,791,,,
1960,44097,Escorihuela,575,,,
1960,44099,Escucha,1434,,,
1960,44100,Estercuel,1041,,,
1960,44101,Ferreruela de Huerva,326,,,
1960,44102,Fonfría,126,,,
1960,44103,Formiche Alto,581,,,
1960,44105,Fórnoles,413,,,
1960,44106,Fortanete,756,,,
1960,44107,Foz-Calanda,452,,,
1960,44108,Fresneda La,916,,,
1960,44109,Frías de Albarracín,542,,,
1960,44110,Fuenferrada,234,,,
1960,44111,Fuentes Calientes,381,,,
1960,44112,Fuentes Claras,1369,,,
1960,44113,Fuentes de Rubielos,409,,,
1960,44114,Fuentespalda,613,,,
1960,44115,Galve,325,,,
1960,44116,Gargallo,376,,,
1960,44117,Gea de Albarracín,913,,,
1960,44118,Ginebrosa La,769,,,
1960,44119,Griegos,344,,,
1960,44120,Guadalaviar,575,,,
1960,44121,Gúdar,286,,,
1960,44122,Híjar,3128,,,
1960,44123,Hinojosa de Jarque,491,,,
1960,44124,Hoz de la Vieja La,691,,,
1960,44125,Huesa del Común,667,,,
1960,44126,Iglesuela del Cid La,1000,,,
1960,44127,Jabaloyas,409,,,
1960,44128,Jarque de la Val,274,,,
1960,44129,Jatiel,186,,,
1960,44130,Jorcas,291,,,
1960,44131,Josa,268,,,
1960,44132,Lagueruela,257,,,
1960,44133,Lanzuela,187,,,
1960,44135,Libros,593,,,
1960,44136,Lidón,282,,,
1960,44137,Linares de Mora,834,,,
1960,44138,Loscos,1032,,,
1960,44141,Lledó,373,,,
1960,44142,Maicas,195,,,
1960,44143,Manzanera,1485,,,
1960,44144,Martín del Río,975,,,
1960,44145,Mas de las Matas,1854,,,
1960,44146,Mata de los Olmos La,453,,,
1960,44147,Mazaleón,1030,,,
1960,44148,Mezquita de Jarque,314,,,
1960,44149,Mirambel,432,,,
1960,44150,Miravete de la Sierra,247,,,
1960,44151,Molinos,729,,,
1960,44152,Monforte de Moyuela,372,,,
1960,44153,Monreal del Campo,3144,,,
1960,44154,Monroyo,733,,,
1960,44155,Montalbán,2879,,,
1960,44156,Monteagudo del Castillo,403,,,
1960,44157,Monterde de Albarracín,383,,,
1960,44158,Mora de Rubielos,2147,,,
1960,44159,Moscardón,274,,,
1960,44160,Mosqueruela,1632,,,
1960,44161,Muniesa,1715,,,
1960,44163,Noguera de Albarracín,344,,,
1960,44164,Nogueras,274,,,
1960,44165,Nogueruelas,577,,,
1960,44167,Obón,739,,,
1960,44168,Odón,717,,,
1960,44169,Ojos Negros,2033,,,
1960,44171,Olba,691,,,
1960,44172,Oliete,1711,,,
1960,44173,Olmos Los,356,,,
1960,44174,Orihuela del Tremedal,1042,,,
1960,44175,Orrios,479,,,
1960,44176,Palomar de Arroyos,568,,,
1960,44177,Pancrudo,873,,,
1960,44178,Parras de Castellote Las,540,,,
1960,44179,Peñarroya de Tastavins,996,,,
1960,44180,Peracense,311,,,
1960,44181,Peralejos,275,,,
1960,44182,Perales del Alfambra,814,,,
1960,44183,Pitarque,467,,,
1960,44184,Plou,243,,,
1960,44185,Pobo El,478,,,
1960,44187,Portellada La,545,,,
1960,44189,Pozondón,430,,,
1960,44190,Pozuel del Campo,486,,,
1960,44191,La Puebla de Híjar,2559,,,
1960,44192,La Puebla de Valverde,1378,,,
1960,44193,Puertomingalvo,793,,,
1960,44194,Ráfales,575,,,
1960,44195,Rillo,700,,,
1960,44196,Riodeva,631,,,
1960,44197,Ródenas,359,,,
1960,44198,Royuela,543,,,
1960,44199,Rubiales,166,,,
1960,44200,Rubielos de la Cérida,391,,,
1960,44201,Rubielos de Mora,1213,,,
1960,44203,Salcedillo,57,,,
1960,44204,Saldón,361,,,
1960,44205,Samper de Calanda,2028,,,
1960,44206,San Agustín,843,,,
1960,44207,San Martín del Río,881,,,
1960,44208,Santa Cruz de Nogueras,165,,,
1960,44209,Santa Eulalia,2485,,,
1960,44210,Sarrión,1792,,,
1960,44211,Segura de los Baños,426,,,
1960,44212,Seno,209,,,
1960,44213,Singra,338,,,
1960,44215,Terriente,760,,,
1960,44216,Teruel,21800,,,
1960,44217,Toril y Masegoso,181,,,
1960,44218,Tormón,172,,,
1960,44219,Tornos,783,,,
1960,44220,Torralba de los Sisones,494,,,
1960,44221,Torrecilla de Alcañiz,767,,,
1960,44222,Torrecilla del Rebollar,747,,,
1960,44223,Torre de Arcas,282,,,
1960,44224,Torre de las Arcas,234,,,
1960,44225,Torre del Compte,403,,,
1960,44226,Torrelacárcel,703,,,
1960,44227,Torre los Negros,371,,,
1960,44228,Torremocha de Jiloca,445,,,
1960,44229,Torres de Albarracín,415,,,
1960,44230,Torrevelilla,461,,,
1960,44231,Torrijas,294,,,
1960,44232,Torrijo del Campo,1222,,,
1960,44234,Tramacastiel,409,,,
1960,44235,Tramacastilla,349,,,
1960,44236,Tronchón,600,,,
1960,44237,Urrea de Gaén,1027,,,
1960,44238,Utrillas,3532,,,
1960,44239,Valacloche,85,,,
1960,44240,Valbona,577,,,
1960,44241,Valdealgorfa,1238,,,
1960,44243,Valdecuenca,204,,,
1960,44244,Valdelinares,417,,,
1960,44245,Valdeltormo,633,,,
1960,44246,Valderrobres,2339,,,
1960,44247,Valjunquera,811,,,
1960,44249,Vallecillo El,283,,,
1960,44250,Veguillas de la Sierra,129,,,
1960,44251,Villafranca del Campo,863,,,
1960,44252,Villahermosa del Campo,295,,,
1960,44256,Villanueva del Rebollar de la Sierra,234,,,
1960,44257,Villar del Cobo,424,,,
1960,44258,Villar del Salz,453,,,
1960,44260,Villarluengo,810,,,
1960,44261,Villarquemado,1573,,,
1960,44262,Villarroya de los Pinares,574,,,
1960,44263,Villastar,681,,,
1960,44264,Villel,1024,,,
1960,44265,Vinaceite,535,,,
1960,44266,Visiedo,580,,,
1960,44267,Vivel del Río Martín,623,,,
1960,44268,La Zoma,118,,,
1970,44001,Ababuj,193,,,
1970,44002,Abejuela,178,,,
1970,44003,Aguatón,73,,,
1970,44004,Aguaviva,889,,,
1970,44005,Aguilar del Alfambra,220,,,
1970,44006,Alacón,729,,,
1970,44007,Alba,557,,,
1970,44008,Albalate del Arzobispo,3044,,,
1970,44009,Albarracín,1258,,,
1970,44010,Albentosa,523,,,
1970,44011,Alcaine,114,,,
1970,44012,Alcalá de la Selva,774,,,
1970,44013,Alcañiz,10851,,,
1970,44014,Alcorisa,3058,,,
1970,44016,Alfambra,1169,,,
1970,44017,Aliaga,1265,,,
1970,44018,Almohaja,67,,,
1970,44019,Alobras,231,,,
1970,44020,Alpeñés,69,,,
1970,44021,Allepuz,501,,,
1970,44022,Alloza,1169,,,
1970,44023,Allueva,10,,,
1970,44024,Anadón,71,,,
1970,44025,Andorra,6609,,,
1970,44026,Arcos de las Salinas,252,,,
1970,44027,Arens de Lledó,354,,,
1970,44028,Argente,471,,,
1970,44029,Ariño,1125,,,
1970,44031,Azaila,392,,,
1970,44032,Bádenas,83,,,
1970,44033,Báguena,1060,,,
1970,44034,Bañón,423,,,
1970,44035,Barrachina,328,,,
1970,44036,Bea,50,,,
1970,44037,Beceite,1006,,,
1970,44038,Belmonte de San José,236,,,
1970,44039,Bello,883,,,
1970,44040,Berge,341,,,
1970,44041,Bezas,249,,,
1970,44042,Blancas,434,,,
1970,44043,Blesa,358,,,
1970,44044,Bordón,266,,,
1970,44045,Bronchales,564,,,
1970,44046,Bueña,262,,,
1970,44047,Burbáguena,637,,,
1970,44048,Cabra de Mora,166,,,
1970,44049,Calaceite,1625,,,
1970,44050,Calamocha,5041,,,
1970,44051,Calanda,3125,,,
1970,44052,Calomarde,211,,,
1970,44053,Camañas,281,,,
1970,44054,Camarena de la Sierra,252,,,
1970,44055,Camarillas,362,,,
1970,44056,Caminreal,1373,,,
1970,44059,Cantavieja,1060,,,
1970,44060,Cañada de Benatanduz,253,,,
1970,44061,Cañada de Verich La,238,,,
1970,44062,Cañada Vellida,155,,,
1970,44063,Cañizar del Olivar,273,,,
1970,44064,Cascante del Río,261,,,
1970,44065,Castejón de Tornos,260,,,
1970,44066,Castel de Cabra,393,,,
1970,44067,Castelnou,216,,,
1970,44068,Castelserás,1099,,,
1970,44070,Castellar El,175,,,
1970,44071,Castellote,1493,,,
1970,44074,Cedrillas,785,,,
1970,44075,Celadas,660,,,
1970,44076,Cella,3340,,,
1970,44077,Cerollera La,210,,,
1970,44080,Codoñera La,524,,,
1970,44082,Corbalán,228,,,
1970,44084,Cortes de Aragón,239,,,
1970,44085,Cosa,239,,,
1970,44086,Cretas,913,,,
1970,44087,Crivillén,334,,,
1970,44088,Cuba La,161,,,
1970,44089,Cubla,199,,,
1970,44090,Cucalón,221,,,
1970,44092,Cuervo El,248,,,
1970,44093,Cuevas de Almudén,168,,,
1970,44094,Cuevas Labradas,254,,,
1970,44096,Ejulve,431,,,
1970,44097,Escorihuela,443,,,
1970,44099,Escucha,1338,,,
1970,44100,Estercuel,630,,,
1970,44101,Ferreruela de Huerva,194,,,
1970,44102,Fonfría,80,,,
1970,44103,Formiche Alto,352,,,
1970,44105,Fórnoles,258,,,
1970,44106,Fortanete,506,,,
1970,44107,Foz-Calanda,342,,,
1970,44108,Fresneda La,666,,,
1970,44109,Frías de Albarracín,403,,,
1970,44110,Fuenferrada,108,,,
1970,44111,Fuentes Calientes,264,,,
1970,44112,Fuentes Claras,1103,,,
1970,44113,Fuentes de Rubielos,183,,,
1970,44114,Fuentespalda,524,,,
1970,44115,Galve,214,,,
1970,44116,Gargallo,180,,,
1970,44117,Gea de Albarracín,722,,,
1970,44118,Ginebrosa La,468,,,
1970,44119,Griegos,238,,,
1970,44120,Guadalaviar,437,,,
1970,44121,Gúdar,151,,,
1970,44122,Híjar,2501,,,
1970,44123,Hinojosa de Jarque,360,,,
1970,44124,Hoz de la Vieja La,408,,,
1970,44125,Huesa del Común,369,,,
1970,44126,Iglesuela del Cid La,718,,,
1970,44127,Jabaloyas,267,,,
1970,44128,Jarque de la Val,184,,,
1970,44129,Jatiel,104,,,
1970,44130,Jorcas,152,,,
1970,44131,Josa,138,,,
1970,44132,Lagueruela,142,,,
1970,44133,Lanzuela,109,,,
1970,44135,Libros,393,,,
1970,44136,Lidón,190,,,
1970,44137,Linares de Mora,582,,,
1970,44138,Loscos,580,,,
1970,44141,Lledó,321,,,
1970,44142,Maicas,51,,,
1970,44143,Manzanera,1050,,,
1970,44144,Martín del Río,722,,,
1970,44145,Mas de las Matas,1573,,,
1970,44146,Mata de los Olmos La,332,,,
1970,44147,Mazaleón,823,,,
1970,44148,Mezquita de Jarque,261,,,
1970,44149,Mirambel,273,,,
1970,44150,Miravete de la Sierra,155,,,
1970,44151,Molinos,528,,,
1970,44152,Monforte de Moyuela,216,,,
1970,44153,Monreal del Campo,2823,,,
1970,44154,Monroyo,539,,,
1970,44155,Montalbán,2394,,,
1970,44156,Monteagudo del Castillo,198,,,
1970,44157,Monterde de Albarracín,192,,,
1970,44158,Mora de Rubielos,1680,,,
1970,44159,Moscardón,140,,,
1970,44160,Mosqueruela,1157,,,
1970,44161,Muniesa,1331,,,
1970,44163,Noguera de Albarracín,250,,,
1970,44164,Nogueras,124,,,
1970,44165,Nogueruelas,406,,,
1970,44167,Obón,251,,,
1970,44168,Odón,433,,,
1970,44169,Ojos Negros,1343,,,
1970,44171,Olba,364,,,
1970,44172,Oliete,1035,,,
1970,44173,Olmos Los,259,,,
1970,44174,Orihuela del Tremedal,882,,,
1970,44175,Orrios,306,,,
1970,44176,Palomar de Arroyos,405,,,
1970,44177,Pancrudo,514,,,
1970,44178,Parras de Castellote Las,240,,,
1970,44179,Peñarroya de Tastavins,794,,,
1970,44180,Peracense,191,,,
1970,44181,Peralejos,171,,,
1970,44182,Perales del Alfambra,514,,,
1970,44183,Pitarque,252,,,
1970,44184,Plou,122,,,
1970,44185,Pobo El,346,,,
1970,44187,Portellada La,430,,,
1970,44189,Pozondón,219,,,
1970,44190,Pozuel del Campo,318,,,
1970,44191,La Puebla de Híjar,2118,,,
1970,44192,La Puebla de Valverde,1003,,,
1970,44193,Puertomingalvo,413,,,
1970,44194,Ráfales,426,,,
1970,44195,Rillo,398,,,
1970,44196,Riodeva,406,,,
1970,44197,Ródenas,200,,,
1970,44198,Royuela,405,,,
1970,44199,Rubiales,68,,,
1970,44200,Rubielos de la Cérida,241,,,
1970,44201,Rubielos de Mora,936,,,
1970,44203,Salcedillo,15,,,
1970,44204,Saldón,193,,,
1970,44205,Samper de Calanda,1609,,,
1970,44206,San Agustín,502,,,
1970,44207,San Martín del Río,654,,,
1970,44208,Santa Cruz de Nogueras,89,,,
1970,44209,Santa Eulalia,2044,,,
1970,44210,Sarrión,1307,,,
1970,44211,Segura de los Baños,197,,,
1970,44212,Seno,106,,,
1970,44213,Singra,207,,,
1970,44215,Terriente,450,,,
1970,44216,Teruel,22100,,,
1970,44217,Toril y Masegoso,137,,,
1970,44218,Tormón,119,,,
1970,44219,Tornos,457,,,
1970,44220,Torralba de los Sisones,347,,,
1970,44221,Torrecilla de Alcañiz,618,,,
1970,44222,Torrecilla del Rebollar,436,,,
1970,44223,Torre de Arcas,213,,,
1970,44224,Torre de las Arcas,123,,,
1970,44225,Torre del Compte,319,,,
1970,44226,Torrelacárcel,557,,,
1970,44227,Torre los Negros,237,,,
1970,44228,Torremocha de Jiloca,340,,,
1970,44229,Torres de Albarracín,314,,,
1970,44230,Torrevelilla,293,,,
1970,44231,Torrijas,176,,,
1970,44232,Torrijo del Campo,921,,,
1970,44234,Tramacastiel,256,,,
1970,44235,Tramacastilla,274,,,
1970,44236,Tronchón,331,,,
1970,44237,Urrea de Gaén,835,,,
1970,44238,Utrillas,4055,,,
1970,44239,Valacloche,75,,,
1970,44240,Valbona,347,,,
1970,44241,Valdealgorfa,1035,,,
1970,44243,Valdecuenca,79,,,
1970,44244,Valdelinares,244,,,
1970,44245,Valdeltormo,575,,,
1970,44246,Valderrobres,2006,,,
1970,44247,Valjunquera,683,,,
1970,44249,Vallecillo El,127,,,
1970,44250,Veguillas de la Sierra,66,,,
1970,44251,Villafranca del Campo,665,,,
1970,44252,Villahermosa del Campo,166,,,
1970,44256,Villanueva del Rebollar de la Sierra,134,,,
1970,44257,Villar del Cobo,352,,,
1970,44258,Villar del Salz,320,,,
1970,44260,Villarluengo,492,,,
1970,44261,Villarquemado,1299,,,
1970,44262,Villarroya de los Pinares,400,,,
1970,44263,Villastar,545,,,
1970,44264,Villel,686,,,
1970,44265,Vinaceite,473,,,
1970,44266,Visiedo,448,,,
1970,44267,Vivel del Río Martín,344,,,
1970,44268,La Zoma,64,,,
1981,44001,Ababuj,115,,,
1981,44002,Abejuela,63,,,
1981,44003,Aguatón,50,,,
1981,44004,Aguaviva,706,,,
1981,44005,Aguilar del Alfambra,131,,,
1981,44006,Alacón,543,,,
1981,44007,Alba,403,,,
1981,44008,Albalate del Arzobispo,2739,,,
1981,44009,Albarracín,1127,,,
1981,44010,Albentosa,350,,,
1981,44011,Alcaine,54,,,
1981,44012,Alcalá de la Selva,579,,,
1981,44013,Alcañiz,11651,,,
1981,44014,Alcorisa,3112,,,
1981,44016,Alfambra,934,,,
1981,44017,Aliaga,866,,,
1981,44018,Almohaja,34,,,
1981,44019,Alobras,150,,,
1981,44020,Alpeñés,35,,,
1981,44021,Allepuz,236,,,
1981,44022,Alloza,1006,,,
1981,44023,Allueva,9,,,
1981,44024,Anadón,41,,,
1981,44025,Andorra,8221,,,
1981,44026,Arcos de las Salinas,169,,,
1981,44027,Arens de Lledó,305,,,
1981,44028,Argente,385,,,
1981,44029,Ariño,923,,,
1981,44031,Azaila,293,,,
1981,44032,Bádenas,38,,,
1981,44033,Báguena,773,,,
1981,44034,Bañón,276,,,
1981,44035,Barrachina,239,,,
1981,44036,Bea,19,,,
1981,44037,Beceite,733,,,
1981,44038,Belmonte de San José,212,,,
1981,44039,Bello,596,,,
1981,44040,Berge,274,,,
1981,44041,Bezas,88,,,
1981,44042,Blancas,330,,,
1981,44043,Blesa,215,,,
1981,44044,Bordón,156,,,
1981,44045,Bronchales,438,,,
1981,44046,Bueña,178,,,
1981,44047,Burbáguena,486,,,
1981,44048,Cabra de Mora,133,,,
1981,44049,Calaceite,1456,,,
1981,44050,Calamocha,4764,,,
1981,44051,Calanda,3323,,,
1981,44052,Calomarde,117,,,
1981,44053,Camañas,208,,,
1981,44054,Camarena de la Sierra,175,,,
1981,44055,Camarillas,179,,,
1981,44056,Caminreal,1075,,,
1981,44059,Cantavieja,877,,,
1981,44060,Cañada de Benatanduz,91,,,
1981,44061,Cañada de Verich La,154,,,
1981,44062,Cañada Vellida,101,,,
1981,44063,Cañizar del Olivar,163,,,
1981,44064,Cascante del Río,181,,,
1981,44065,Castejón de Tornos,155,,,
1981,44066,Castel de Cabra,286,,,
1981,44067,Castelnou,148,,,
1981,44068,Castelserás,1009,,,
1981,44070,Castellar El,122,,,
1981,44071,Castellote,1050,,,
1981,44074,Cedrillas,592,,,
1981,44075,Celadas,555,,,
1981,44076,Cella,3218,,,
1981,44077,Cerollera La,127,,,
1981,44080,Codoñera La,436,,,
1981,44082,Corbalán,129,,,
1981,44084,Cortes de Aragón,192,,,
1981,44085,Cosa,147,,,
1981,44086,Cretas,737,,,
1981,44087,Crivillén,161,,,
1981,44088,Cuba La,121,,,
1981,44089,Cubla,96,,,
1981,44090,Cucalón,136,,,
1981,44092,Cuervo El,184,,,
1981,44093,Cuevas de Almudén,138,,,
1981,44094,Cuevas Labradas,248,,,
1981,44096,Ejulve,289,,,
1981,44097,Escorihuela,321,,,
1981,44099,Escucha,1593,,,
1981,44100,Estercuel,423,,,
1981,44101,Ferreruela de Huerva,142,,,
1981,44102,Fonfría,45,,,
1981,44103,Formiche Alto,240,,,
1981,44105,Fórnoles,166,,,
1981,44106,Fortanete,325,,,
1981,44107,Foz-Calanda,299,,,
1981,44108,Fresneda La,581,,,
1981,44109,Frías de Albarracín,237,,,
1981,44110,Fuenferrada,59,,,
1981,44111,Fuentes Calientes,211,,,
1981,44112,Fuentes Claras,909,,,
1981,44113,Fuentes de Rubielos,96,,,
1981,44114,Fuentespalda,462,,,
1981,44115,Galve,161,,,
1981,44116,Gargallo,151,,,
1981,44117,Gea de Albarracín,550,,,
1981,44118,Ginebrosa La,354,,,
1981,44119,Griegos,180,,,
1981,44120,Guadalaviar,346,,,
1981,44121,Gúdar,98,,,
1981,44122,Híjar,2240,,,
1981,44123,Hinojosa de Jarque,308,,,
1981,44124,Hoz de la Vieja La,239,,,
1981,44125,Huesa del Común,230,,,
1981,44126,Iglesuela del Cid La,606,,,
1981,44127,Jabaloyas,157,,,
1981,44128,Jarque de la Val,139,,,
1981,44129,Jatiel,66,,,
1981,44130,Jorcas,98,,,
1981,44131,Josa,77,,,
1981,44132,Lagueruela,107,,,
1981,44133,Lanzuela,63,,,
1981,44135,Libros,265,,,
1981,44136,Lidón,133,,,
1981,44137,Linares de Mora,416,,,
1981,44138,Loscos,301,,,
1981,44141,Lledó,276,,,
1981,44142,Maicas,27,,,
1981,44143,Manzanera,575,,,
1981,44144,Martín del Río,607,,,
1981,44145,Mas de las Matas,1557,,,
1981,44146,Mata de los Olmos La,315,,,
1981,44147,Mazaleón,710,,,
1981,44148,Mezquita de Jarque,204,,,
1981,44149,Mirambel,159,,,
1981,44150,Miravete de la Sierra,67,,,
1981,44151,Molinos,418,,,
1981,44152,Monforte de Moyuela,133,,,
1981,44153,Monreal del Campo,2518,,,
1981,44154,Monroyo,412,,,
1981,44155,Montalbán,2135,,,
1981,44156,Monteagudo del Castillo,110,,,
1981,44157,Monterde de Albarracín,101,,,
1981,44158,Mora de Rubielos,1414,,,
1981,44159,Moscardón,85,,,
1981,44160,Mosqueruela,853,,,
1981,44161,Muniesa,1009,,,
1981,44163,Noguera de Albarracín,202,,,
1981,44164,Nogueras,47,,,
1981,44165,Nogueruelas,280,,,
1981,44167,Obón,93,,,
1981,44168,Odón,354,,,
1981,44169,Ojos Negros,1029,,,
1981,44171,Olba,252,,,
1981,44172,Oliete,711,,,
1981,44173,Olmos Los,215,,,
1981,44174,Orihuela del Tremedal,738,,,
1981,44175,Orrios,236,,,
1981,44176,Palomar de Arroyos,341,,,
1981,44177,Pancrudo,305,,,
1981,44178,Parras de Castellote Las,155,,,
1981,44179,Peñarroya de Tastavins,683,,,
1981,44180,Peracense,112,,,
1981,44181,Peralejos,134,,,
1981,44182,Perales del Alfambra,381,,,
1981,44183,Pitarque,159,,,
1981,44184,Plou,67,,,
1981,44185,Pobo El,227,,,
1981,44187,Portellada La,396,,,
1981,44189,Pozondón,132,,,
1981,44190,Pozuel del Campo,179,,,
1981,44191,La Puebla de Híjar,1597,,,
1981,44192,La Puebla de Valverde,579,,,
1981,44193,Puertomingalvo,213,,,
1981,44194,Ráfales,328,,,
1981,44195,Rillo,263,,,
1981,44196,Riodeva,324,,,
1981,44197,Ródenas,122,,,
1981,44198,Royuela,290,,,
1981,44199,Rubiales,28,,,
1981,44200,Rubielos de la Cérida,97,,,
1981,44201,Rubielos de Mora,678,,,
1981,44203,Salcedillo,9,,,
1981,44204,Saldón,59,,,
1981,44205,Samper de Calanda,1403,,,
1981,44206,San Agustín,233,,,
1981,44207,San Martín del Río,439,,,
1981,44208,Santa Cruz de Nogueras,38,,,
1981,44209,Santa Eulalia,1919,,,
1981,44210,Sarrión,1149,,,
1981,44211,Segura de los Baños,96,,,
1981,44212,Seno,63,,,
1981,44213,Singra,148,,,
1981,44215,Terriente,265,,,
1981,44216,Teruel,25935,,,
1981,44217,Toril y Masegoso,61,,,
1981,44218,Tormón,61,,,
1981,44219,Tornos,364,,,
1981,44220,Torralba de los Sisones,282,,,
1981,44221,Torrecilla de Alcañiz,533,,,
1981,44222,Torrecilla del Rebollar,236,,,
1981,44223,Torre de Arcas,171,,,
1981,44224,Torre de las Arcas,61,,,
1981,44225,Torre del Compte,236,,,
1981,44226,Torrelacárcel,433,,,
1981,44227,Torre los Negros,127,,,
1981,44228,Torremocha de Jiloca,258,,,
1981,44229,Torres de Albarracín,243,,,
1981,44230,Torrevelilla,232,,,
1981,44231,Torrijas,93,,,
1981,44232,Torrijo del Campo,728,,,
1981,44234,Tramacastiel,154,,,
1981,44235,Tramacastilla,165,,,
1981,44236,Tronchón,161,,,
1981,44237,Urrea de Gaén,757,,,
1981,44238,Utrillas,4556,,,
1981,44239,Valacloche,46,,,
1981,44240,Valbona,215,,,
1981,44241,Valdealgorfa,870,,,
1981,44243,Valdecuenca,60,,,
1981,44244,Valdelinares,164,,,
1981,44245,Valdeltormo,500,,,
1981,44246,Valderrobres,1877,,,
1981,44247,Valjunquera,618,,,
1981,44249,Vallecillo El,17,,,
1981,44250,Veguillas de la Sierra,51,,,
1981,44251,Villafranca del Campo,553,,,
1981,44252,Villahermosa del Campo,114,,,
1981,44256,Villanueva del Rebollar de la Sierra,64,,,
1981,44257,Villar del Cobo,285,,,
1981,44258,Villar del Salz,184,,,
1981,44260,Villarluengo,289,,,
1981,44261,Villarquemado,1176,,,
1981,44262,Villarroya de los Pinares,249,,,
1981,44263,Villastar,425,,,
1981,44264,Villel,462,,,
1981,44265,Vinaceite,422,,,
1981,44266,Visiedo,328,,,
1981,44267,Vivel del Río Martín,191,,,
1981,44268,La Zoma,49,,,
1991,44001,Ababuj,83,,,
1991,44002,Abejuela,65,,,
1991,44003,Aguatón,32,,,
1991,44004,Aguaviva,618,,,
1991,44005,Aguilar del Alfambra,101,,,
1991,44006,Alacón,527,,,
1991,44007,Alba,323,,,
1991,44008,Albalate del Arzobispo,2449,,,
1991,44009,Albarracín,1065,,,
1991,44010,Albentosa,288,,,
1991,44011,Alcaine,49,,,
1991,44012,Alcalá de la Selva,462,,,
1991,44013,Alcañiz,12642,,,
1991,44014,Alcorisa,3234,,,
1991,44016,Alfambra,777,,,
1991,44017,Aliaga,442,,,
1991,44018,Almohaja,40,,,
1991,44019,Alobras,111,,,
1991,44020,Alpeñés,35,,,
1991,44021,Allepuz,147,,,
1991,44022,Alloza,913,,,
1991,44023,Allueva,12,,,
1991,44024,Anadón,28,,,
1991,44025,Andorra,8680,,,
1991,44026,Arcos de las Salinas,186,,,
1991,44027,Arens de Lledó,272,,,
1991,44028,Argente,299,,,
1991,44029,Ariño,956,,,
1991,44031,Azaila,243,,,
1991,44032,Bádenas,29,,,
1991,44033,Báguena,624,,,
1991,44034,Bañón,226,,,
1991,44035,Barrachina,200,,,
1991,44036,Bea,28,,,
1991,44037,Beceite,701,,,
1991,44038,Belmonte de San José,172,,,
1991,44039,Bello,474,,,
1991,44040,Berge,260,,,
1991,44041,Bezas,76,,,
1991,44042,Blancas,243,,,
1991,44043,Blesa,165,,,
1991,44044,Bordón,142,,,
1991,44045,Bronchales,475,,,
1991,44046,Bueña,123,,,
1991,44047,Burbáguena,367,,,
1991,44048,Cabra de Mora,102,,,
1991,44049,Calaceite,1281,,,
1991,44050,Calamocha,4276,,,
1991,44051,Calanda,3552,,,
1991,44052,Calomarde,105,,,
1991,44053,Camañas,170,,,
1991,44054,Camarena de la Sierra,149,,,
1991,44055,Camarillas,132,,,
1991,44056,Caminreal,913,,,
1991,44059,Cantavieja,750,,,
1991,44060,Cañada de Benatanduz,82,,,
1991,44061,Cañada de Verich La,112,,,
1991,44062,Cañada Vellida,74,,,
1991,44063,Cañizar del Olivar,156,,,
1991,44064,Cascante del Río,138,,,
1991,44065,Castejón de Tornos,122,,,
1991,44066,Castel de Cabra,229,,,
1991,44067,Castelnou,123,,,
1991,44068,Castelserás,938,,,
1991,44070,Castellar El,103,,,
1991,44071,Castellote,927,,,
1991,44074,Cedrillas,557,,,
1991,44075,Celadas,488,,,
1991,44076,Cella,3066,,,
1991,44077,Cerollera La,98,,,
1991,44080,Codoñera La,363,,,
1991,44082,Corbalán,80,,,
1991,44084,Cortes de Aragón,145,,,
1991,44085,Cosa,137,,,
1991,44086,Cretas,693,,,
1991,44087,Crivillén,157,,,
1991,44088,Cuba La,84,,,
1991,44089,Cubla,72,,,
1991,44090,Cucalón,102,,,
1991,44092,Cuervo El,151,,,
1991,44093,Cuevas de Almudén,120,,,
1991,44094,Cuevas Labradas,216,,,
1991,44096,Ejulve,236,,,
1991,44097,Escorihuela,273,,,
1991,44099,Escucha,1212,,,
1991,44100,Estercuel,423,,,
1991,44101,Ferreruela de Huerva,100,,,
1991,44102,Fonfría,36,,,
1991,44103,Formiche Alto,217,,,
1991,44105,Fórnoles,130,,,
1991,44106,Fortanete,212,,,
1991,44107,Foz-Calanda,263,,,
1991,44108,Fresneda La,480,,,
1991,44109,Frías de Albarracín,206,,,
1991,44110,Fuenferrada,53,,,
1991,44111,Fuentes Calientes,165,,,
1991,44112,Fuentes Claras,742,,,
1991,44113,Fuentes de Rubielos,82,,,
1991,44114,Fuentespalda,429,,,
1991,44115,Galve,138,,,
1991,44116,Gargallo,140,,,
1991,44117,Gea de Albarracín,501,,,
1991,44118,Ginebrosa La,287,,,
1991,44119,Griegos,142,,,
1991,44120,Guadalaviar,304,,,
1991,44121,Gúdar,89,,,
1991,44122,Híjar,2102,,,
1991,44123,Hinojosa de Jarque,221,,,
1991,44124,Hoz de la Vieja La,171,,,
1991,44125,Huesa del Común,155,,,
1991,44126,Iglesuela del Cid La,519,,,
1991,44127,Jabaloyas,121,,,
1991,44128,Jarque de la Val,116,,,
1991,44129,Jatiel,76,,,
1991,44130,Jorcas,51,,,
1991,44131,Josa,45,,,
1991,44132,Lagueruela,89,,,
1991,44133,Lanzuela,41,,,
1991,44135,Libros,213,,,
1991,44136,Lidón,111,,,
1991,44137,Linares de Mora,351,,,
1991,44138,Loscos,210,,,
1991,44141,Lledó,229,,,
1991,44142,Maicas,20,,,
1991,44143,Manzanera,490,,,
1991,44144,Martín del Río,574,,,
1991,44145,Mas de las Matas,1512,,,
1991,44146,Mata de los Olmos La,285,,,
1991,44147,Mazaleón,629,,,
1991,44148,Mezquita de Jarque,178,,,
1991,44149,Mirambel,160,,,
1991,44150,Miravete de la Sierra,49,,,
1991,44151,Molinos,397,,,
1991,44152,Monforte de Moyuela,116,,,
1991,44153,Monreal del Campo,2308,,,
1991,44154,Monroyo,403,,,
1991,44155,Montalbán,1789,,,
1991,44156,Monteagudo del Castillo,87,,,
1991,44157,Monterde de Albarracín,87,,,
1991,44158,Mora de Rubielos,1333,,,
1991,44159,Moscardón,73,,,
1991,44160,Mosqueruela,722,,,
1991,44161,Muniesa,808,,,
1991,44163,Noguera de Albarracín,172,,,
1991,44164,Nogueras,31,,,
1991,44165,Nogueruelas,248,,,
1991,44167,Obón,70,,,
1991,44168,Odón,311,,,
1991,44169,Ojos Negros,780,,,
1991,44171,Olba,233,,,
1991,44172,Oliete,574,,,
1991,44173,Olmos Los,174,,,
1991,44174,Orihuela del Tremedal,627,,,
1991,44175,Orrios,223,,,
1991,44176,Palomar de Arroyos,320,,,
1991,44177,Pancrudo,228,,,
1991,44178,Parras de Castellote Las,104,,,
1991,44179,Peñarroya de Tastavins,591,,,
1991,44180,Peracense,103,,,
1991,44181,Peralejos,111,,,
1991,44182,Perales del Alfambra,297,,,
1991,44183,Pitarque,135,,,
1991,44184,Plou,55,,,
1991,44185,Pobo El,170,,,
1991,44187,Portellada La,352,,,
1991,44189,Pozondón,101,,,
1991,44190,Pozuel del Campo,148,,,
1991,44191,La Puebla de Híjar,1247,,,
1991,44192,La Puebla de Valverde,498,,,
1991,44193,Puertomingalvo,164,,,
1991,44194,Ráfales,257,,,
1991,44195,Rillo,163,,,
1991,44196,Riodeva,267,,,
1991,44197,Ródenas,103,,,
1991,44198,Royuela,246,,,
1991,44199,Rubiales,58,,,
1991,44200,Rubielos de la Cérida,73,,,
1991,44201,Rubielos de Mora,633,,,
1991,44203,Salcedillo,9,,,
1991,44204,Saldón,53,,,
1991,44205,Samper de Calanda,1185,,,
1991,44206,San Agustín,184,,,
1991,44207,San Martín del Río,351,,,
1991,44208,Santa Cruz de Nogueras,32,,,
1991,44209,Santa Eulalia,1424,,,
1991,44210,Sarrión,1066,,,
1991,44211,Segura de los Baños,67,,,
1991,44212,Seno,58,,,
1991,44213,Singra,118,,,
1991,44215,Terriente,205,,,
1991,44216,Teruel,28487,,,
1991,44217,Toril y Masegoso,50,,,
1991,44218,Tormón,50,,,
1991,44219,Tornos,300,,,
1991,44220,Torralba de los Sisones,252,,,
1991,44221,Torrecilla de Alcañiz,487,,,
1991,44222,Torrecilla del Rebollar,199,,,
1991,44223,Torre de Arcas,133,,,
1991,44224,Torre de las Arcas,43,,,
1991,44225,Torre del Compte,205,,,
1991,44226,Torrelacárcel,357,,,
1991,44227,Torre los Negros,102,,,
1991,44228,Torremocha de Jiloca,202,,,
1991,44229,Torres de Albarracín,190,,,
1991,44230,Torrevelilla,207,,,
1991,44231,Torrijas,74,,,
1991,44232,Torrijo del Campo,685,,,
1991,44234,Tramacastiel,136,,,
1991,44235,Tramacastilla,144,,,
1991,44236,Tronchón,119,,,
1991,44237,Urrea de Gaén,700,,,
1991,44238,Utrillas,3743,,,
1991,44239,Valacloche,29,,,
1991,44240,Valbona,212,,,
1991,44241,Valdealgorfa,829,,,
1991,44243,Valdecuenca,49,,,
1991,44244,Valdelinares,131,,,
1991,44245,Valdeltormo,441,,,
1991,44246,Valderrobres,1903,,,
1991,44247,Valjunquera,474,,,
1991,44249,Vallecillo El,25,,,
1991,44250,Veguillas de la Sierra,33,,,
1991,44251,Villafranca del Campo,403,,,
1991,44252,Villahermosa del Campo,89,,,
1991,44256,Villanueva del Rebollar de la Sierra,52,,,
1991,44257,Villar del Cobo,239,,,
1991,44258,Villar del Salz,145,,,
1991,44260,Villarluengo,243,,,
1991,44261,Villarquemado,1053,,,
1991,44262,Villarroya de los Pinares,218,,,
1991,44263,Villastar,381,,,
1991,44264,Villel,376,,,
1991,44265,Vinaceite,359,,,
1991,44266,Visiedo,273,,,
1991,44267,Vivel del Río Martín,140,,,
1991,44268,La Zoma,51,,,
2001,44001,Ababuj,85,,,
2001,44002,Abejuela,56,,,
2001,44003,Aguatón,26,,,
2001,44004,Aguaviva,658,,,
2001,44005,Aguilar del Alfambra,80,,,
2001,44006,Alacón,409,,,
2001,44007,Alba,255,,,
2001,44008,Albalate del Arzobispo,2185,,,
2001,44009,Albarracín,1050,,,
2001,44010,Albentosa,252,,,
2001,44011,Alcaine,72,,,
2001,44012,Alcalá de la Selva,510,,,
2001,44013,Alcañiz,13431,,,
2001,44014,Alcorisa,3339,,,
2001,44016,Alfambra,624,,,
2001,44017,Aliaga,397,,,
2001,44018,Almohaja,27,,,
2001,44019,Alobras,85,,,
2001,44020,Alpeñés,30,,,
2001,44021,Allepuz,135,,,
2001,44022,Alloza,720,,,
2001,44023,Allueva,13,,,
2001,44024,Anadón,18,,,
2001,44025,Andorra,7816,,,
2001,44026,Arcos de las Salinas,139,,,
2001,44027,Arens de Lledó,232,,,
2001,44028,Argente,266,,,
2001,44029,Ariño,853,,,
2001,44031,Azaila,171,,,
2001,44032,Bádenas,25,,,
2001,44033,Báguena,463,,,
2001,44034,Bañón,168,,,
2001,44035,Barrachina,154,,,
2001,44036,Bea,38,,,
2001,44037,Beceite,619,,,
2001,44038,Belmonte de San José,138,,,
2001,44039,Bello,369,,,
2001,44040,Berge,248,,,
2001,44041,Bezas,65,,,
2001,44042,Blancas,179,,,
2001,44043,Blesa,139,,,
2001,44044,Bordón,138,,,
2001,44045,Bronchales,472,,,
2001,44046,Bueña,90,,,
2001,44047,Burbáguena,303,,,
2001,44048,Cabra de Mora,108,,,
2001,44049,Calaceite,1153,,,
2001,44050,Calamocha,4040,,,
2001,44051,Calanda,3474,,,
2001,44052,Calomarde,69,,,
2001,44053,Camañas,140,,,
2001,44054,Camarena de la Sierra,165,,,
2001,44055,Camarillas,102,,,
2001,44056,Caminreal,777,,,
2001,44059,Cantavieja,759,,,
2001,44060,Cañada de Benatanduz,58,,,
2001,44061,Cañada de Verich La,104,,,
2001,44062,Cañada Vellida,54,,,
2001,44063,Cañizar del Olivar,116,,,
2001,44064,Cascante del Río,107,,,
2001,44065,Castejón de Tornos,92,,,
2001,44066,Castel de Cabra,158,,,
2001,44067,Castelnou,109,,,
2001,44068,Castelserás,824,,,
2001,44070,Castellar El,87,,,
2001,44071,Castellote,802,,,
2001,44074,Cedrillas,538,,,
2001,44075,Celadas,398,,,
2001,44076,Cella,2825,,,
2001,44077,Cerollera La,119,,,
2001,44080,Codoñera La,329,,,
2001,44082,Corbalán,79,,,
2001,44084,Cortes de Aragón,118,,,
2001,44085,Cosa,93,,,
2001,44086,Cretas,632,,,
2001,44087,Crivillén,122,,,
2001,44088,Cuba La,57,,,
2001,44089,Cubla,44,,,
2001,44090,Cucalón,80,,,
2001,44092,Cuervo El,115,,,
2001,44093,Cuevas de Almudén,104,,,
2001,44094,Cuevas Labradas,153,,,
2001,44096,Ejulve,220,,,
2001,44097,Escorihuela,210,,,
2001,44099,Escucha,1090,,,
2001,44100,Estercuel,314,,,
2001,44101,Ferreruela de Huerva,80,,,
2001,44102,Fonfría,31,,,
2001,44103,Formiche Alto,204,,,
2001,44105,Fórnoles,94,,,
2001,44106,Fortanete,180,,,
2001,44107,Foz-Calanda,257,,,
2001,44108,Fresneda La,419,,,
2001,44109,Frías de Albarracín,154,,,
2001,44110,Fuenferrada,48,,,
2001,44111,Fuentes Calientes,125,,,
2001,44112,Fuentes Claras,625,,,
2001,44113,Fuentes de Rubielos,98,,,
2001,44114,Fuentespalda,355,,,
2001,44115,Galve,141,,,
2001,44116,Gargallo,126,,,
2001,44117,Gea de Albarracín,431,,,
2001,44118,Ginebrosa La,238,,,
2001,44119,Griegos,136,,,
2001,44120,Guadalaviar,275,,,
2001,44121,Gúdar,75,,,
2001,44122,Híjar,1928,,,
2001,44123,Hinojosa de Jarque,170,,,
2001,44124,Hoz de la Vieja La,123,,,
2001,44125,Huesa del Común,136,,,
2001,44126,Iglesuela del Cid La,489,,,
2001,44127,Jabaloyas,84,,,
2001,44128,Jarque de la Val,93,,,
2001,44129,Jatiel,54,,,
2001,44130,Jorcas,45,,,
2001,44131,Josa,30,,,
2001,44132,Lagueruela,64,,,
2001,44133,Lanzuela,28,,,
2001,44135,Libros,157,,,
2001,44136,Lidón,75,,,
2001,44137,Linares de Mora,303,,,
2001,44138,Loscos,188,,,
2001,44141,Lledó,209,,,
2001,44142,Maicas,42,,,
2001,44143,Manzanera,464,,,
2001,44144,Martín del Río,476,,,
2001,44145,Mas de las Matas,1432,,,
2001,44146,Mata de los Olmos La,273,,,
2001,44147,Mazaleón,604,,,
2001,44148,Mezquita de Jarque,135,,,
2001,44149,Mirambel,145,,,
2001,44150,Miravete de la Sierra,42,,,
2001,44151,Molinos,298,,,
2001,44152,Monforte de Moyuela,77,,,
2001,44153,Monreal del Campo,2343,,,
2001,44154,Monroyo,362,,,
2001,44155,Montalbán,1538,,,
2001,44156,Monteagudo del Castillo,67,,,
2001,44157,Monterde de Albarracín,73,,,
2001,44158,Mora de Rubielos,1359,,,
2001,44159,Moscardón,55,,,
2001,44160,Mosqueruela,712,,,
2001,44161,Muniesa,684,,,
2001,44163,Noguera de Albarracín,165,,,
2001,44164,Nogueras,19,,,
2001,44165,Nogueruelas,218,,,
2001,44167,Obón,76,,,
2001,44168,Odón,261,,,
2001,44169,Ojos Negros,545,,,
2001,44171,Olba,210,,,
2001,44172,Oliete,454,,,
2001,44173,Olmos Los,144,,,
2001,44174,Orihuela del Tremedal,604,,,
2001,44175,Orrios,186,,,
2001,44176,Palomar de Arroyos,246,,,
2001,44177,Pancrudo,157,,,
2001,44178,Parras de Castellote Las,79,,,
2001,44179,Peñarroya de Tastavins,539,,,
2001,44180,Peracense,98,,,
2001,44181,Peralejos,81,,,
2001,44182,Perales del Alfambra,293,,,
2001,44183,Pitarque,104,,,
2001,44184,Plou,53,,,
2001,44185,Pobo El,129,,,
2001,44187,Portellada La,292,,,
2001,44189,Pozondón,80,,,
2001,44190,Pozuel del Campo,112,,,
2001,44191,La Puebla de Híjar,1046,,,
2001,44192,La Puebla de Valverde,485,,,
2001,44193,Puertomingalvo,153,,,
2001,44194,Ráfales,199,,,
2001,44195,Rillo,137,,,
2001,44196,Riodeva,201,,,
2001,44197,Ródenas,82,,,
2001,44198,Royuela,230,,,
2001,44199,Rubiales,53,,,
2001,44200,Rubielos de la Cérida,59,,,
2001,44201,Rubielos de Mora,609,,,
2001,44203,Salcedillo,7,,,
2001,44204,Saldón,32,,,
2001,44205,Samper de Calanda,971,,,
2001,44206,San Agustín,127,,,
2001,44207,San Martín del Río,269,,,
2001,44208,Santa Cruz de Nogueras,29,,,
2001,44209,Santa Eulalia,1132,,,
2001,44210,Sarrión,1017,,,
2001,44211,Segura de los Baños,40,,,
2001,44212,Seno,47,,,
2001,44213,Singra,87,,,
2001,44215,Terriente,171,,,
2001,44216,Teruel,31158,,,
2001,44217,Toril y Masegoso,26,,,
2001,44218,Tormón,35,,,
2001,44219,Tornos,245,,,
2001,44220,Torralba de los Sisones,231,,,
2001,44221,Torrecilla de Alcañiz,439,,,
2001,44222,Torrecilla del Rebollar,177,,,
2001,44223,Torre de Arcas,102,,,
2001,44224,Torre de las Arcas,37,,,
2001,44225,Torre del Compte,174,,,
2001,44226,Torrelacárcel,277,,,
2001,44227,Torre los Negros,94,,,
2001,44228,Torremocha de Jiloca,159,,,
2001,44229,Torres de Albarracín,158,,,
2001,44230,Torrevelilla,209,,,
2001,44231,Torrijas,67,,,
2001,44232,Torrijo del Campo,559,,,
2001,44234,Tramacastiel,111,,,
2001,44235,Tramacastilla,135,,,
2001,44236,Tronchón,102,,,
2001,44237,Urrea de Gaén,582,,,
2001,44238,Utrillas,3178,,,
2001,44239,Valacloche,20,,,
2001,44240,Valbona,200,,,
2001,44241,Valdealgorfa,734,,,
2001,44243,Valdecuenca,32,,,
2001,44244,Valdelinares,124,,,
2001,44245,Valdeltormo,363,,,
2001,44246,Valderrobres,1945,,,
2001,44247,Valjunquera,423,,,
2001,44249,Vallecillo El,49,,,
2001,44250,Veguillas de la Sierra,27,,,
2001,44251,Villafranca del Campo,378,,,
2001,44252,Villahermosa del Campo,75,,,
2001,44256,Villanueva del Rebollar de la Sierra,48,,,
2001,44257,Villar del Cobo,222,,,
2001,44258,Villar del Salz,95,,,
2001,44260,Villarluengo,207,,,
2001,44261,Villarquemado,942,,,
2001,44262,Villarroya de los Pinares,197,,,
2001,44263,Villastar,343,,,
2001,44264,Villel,331,,,
2001,44265,Vinaceite,283,,,
2001,44266,Visiedo,195,,,
2001,44267,Vivel del Río Martín,84,,,
2001,44268,La Zoma,29,,,
2011,44001,Ababuj,71,,,
2011,44002,Abejuela,58,,,
2011,44003,Aguatón,20,,,
2011,44004,Aguaviva,648,,,
2011,44005,Aguilar del Alfambra,74,,,
2011,44006,Alacón,333,,,
2011,44007,Alba,228,,,
2011,44008,Albalate del Arzobispo,2079,,,
2011,44009,Albarracín,1102,,,
2011,44010,Albentosa,291,,,
2011,44011,Alcaine,69,,,
2011,44012,Alcalá de la Selva,498,,,
2011,44013,Alcañiz,16402,,,
2011,44014,Alcorisa,3557,,,
2011,44016,Alfambra,619,,,
2011,44017,Aliaga,364,,,
2011,44018,Almohaja,29,,,
2011,44019,Alobras,77,,,
2011,44020,Alpeñés,25,,,
2011,44021,Allepuz,122,,,
2011,44022,Alloza,671,,,
2011,44023,Allueva,20,,,
2011,44024,Anadón,26,,,
2011,44025,Andorra,8212,,,
2011,44026,Arcos de las Salinas,105,,,
2011,44027,Arens de Lledó,201,,,
2011,44028,Argente,222,,,
2011,44029,Ariño,861,,,
2011,44031,Azaila,129,,,
2011,44032,Bádenas,21,,,
2011,44033,Báguena,365,,,
2011,44034,Bañón,162,,,
2011,44035,Barrachina,140,,,
2011,44036,Bea,30,,,
2011,44037,Beceite,591,,,
2011,44038,Belmonte de San José,125,,,
2011,44039,Bello,276,,,
2011,44040,Berge,258,,,
2011,44041,Bezas,78,,,
2011,44042,Blancas,163,,,
2011,44043,Blesa,127,,,
2011,44044,Bordón,128,,,
2011,44045,Bronchales,465,,,
2011,44046,Bueña,62,,,
2011,44047,Burbáguena,290,,,
2011,44048,Cabra de Mora,82,,,
2011,44049,Calaceite,1097,,,
2011,44050,Calamocha,4571,,,
2011,44051,Calanda,3963,,,
2011,44052,Calomarde,91,,,
2011,44053,Camañas,130,,,
2011,44054,Camarena de la Sierra,145,,,
2011,44055,Camarillas,116,,,
2011,44056,Caminreal,714,,,
2011,44059,Cantavieja,740,,,
2011,44060,Cañada de Benatanduz,39,,,
2011,44061,Cañada de Verich La,103,,,
2011,44062,Cañada Vellida,38,,,
2011,44063,Cañizar del Olivar,105,,,
2011,44064,Cascante del Río,94,,,
2011,44065,Castejón de Tornos,64,,,
2011,44066,Castel de Cabra,140,,,
2011,44067,Castelnou,178,,,
2011,44068,Castelserás,835,,,
2011,44070,Castellar El,66,,,
2011,44071,Castellote,801,,,
2011,44074,Cedrillas,629,,,
2011,44075,Celadas,418,,,
2011,44076,Cella,2881,,,
2011,44077,Cerollera La,112,,,
2011,44080,Codoñera La,365,,,
2011,44082,Corbalán,107,,,
2011,44084,Cortes de Aragón,72,,,
2011,44085,Cosa,62,,,
2011,44086,Cretas,593,,,
2011,44087,Crivillén,89,,,
2011,44088,Cuba La,49,,,
2011,44089,Cubla,66,,,
2011,44090,Cucalón,107,,,
2011,44092,Cuervo El,91,,,
2011,44093,Cuevas de Almudén,149,,,
2011,44094,Cuevas Labradas,126,,,
2011,44096,Ejulve,205,,,
2011,44097,Escorihuela,183,,,
2011,44099,Escucha,985,,,
2011,44100,Estercuel,266,,,
2011,44101,Ferreruela de Huerva,71,,,
2011,44102,Fonfría,30,,,
2011,44103,Formiche Alto,173,,,
2011,44105,Fórnoles,101,,,
2011,44106,Fortanete,218,,,
2011,44107,Foz-Calanda,284,,,
2011,44108,Fresneda La,487,,,
2011,44109,Frías de Albarracín,156,,,
2011,44110,Fuenferrada,61,,,
2011,44111,Fuentes Calientes,117,,,
2011,44112,Fuentes Claras,568,,,
2011,44113,Fuentes de Rubielos,128,,,
2011,44114,Fuentespalda,317,,,
2011,44115,Galve,171,,,
2011,44116,Gargallo,124,,,
2011,44117,Gea de Albarracín,410,,,
2011,44118,Ginebrosa La,218,,,
2011,44119,Griegos,140,,,
2011,44120,Guadalaviar,240,,,
2011,44121,Gúdar,79,,,
2011,44122,Híjar,1813,,,
2011,44123,Hinojosa de Jarque,153,,,
2011,44124,Hoz de la Vieja La,80,,,
2011,44125,Huesa del Común,86,,,
2011,44126,Iglesuela del Cid La,484,,,
2011,44127,Jabaloyas,87,,,
2011,44128,Jarque de la Val,91,,,
2011,44129,Jatiel,49,,,
2011,44130,Jorcas,43,,,
2011,44131,Josa,39,,,
2011,44132,Lagueruela,68,,,
2011,44133,Lanzuela,29,,,
2011,44135,Libros,145,,,
2011,44136,Lidón,54,,,
2011,44137,Linares de Mora,285,,,
2011,44138,Loscos,170,,,
2011,44141,Lledó,165,,,
2011,44142,Maicas,39,,,
2011,44143,Manzanera,563,,,
2011,44144,Martín del Río,425,,,
2011,44145,Mas de las Matas,1360,,,
2011,44146,Mata de los Olmos La,280,,,
2011,44147,Mazaleón,573,,,
2011,44148,Mezquita de Jarque,116,,,
2011,44149,Mirambel,127,,,
2011,44150,Miravete de la Sierra,33,,,
2011,44151,Molinos,286,,,
2011,44152,Monforte de Moyuela,63,,,
2011,44153,Monreal del Campo,2681,,,
2011,44154,Monroyo,386,,,
2011,44155,Montalbán,1355,,,
2011,44156,Monteagudo del Castillo,67,,,
2011,44157,Monterde de Albarracín,65,,,
2011,44158,Mora de Rubielos,1625,,,
2011,44159,Moscardón,63,,,
2011,44160,Mosqueruela,615,,,
2011,44161,Muniesa,651,,,
2011,44163,Noguera de Albarracín,154,,,
2011,44164,Nogueras,31,,,
2011,44165,Nogueruelas,214,,,
2011,44167,Obón,40,,,
2011,44168,Odón,214,,,
2011,44169,Ojos Negros,444,,,
2011,44171,Olba,249,,,
2011,44172,Oliete,448,,,
2011,44173,Olmos Los,121,,,
2011,44174,Orihuela del Tremedal,568,,,
2011,44175,Orrios,153,,,
2011,44176,Palomar de Arroyos,188,,,
2011,44177,Pancrudo,133,,,
2011,44178,Parras de Castellote Las,69,,,
2011,44179,Peñarroya de Tastavins,495,,,
2011,44180,Peracense,80,,,
2011,44181,Peralejos,85,,,
2011,44182,Perales del Alfambra,267,,,
2011,44183,Pitarque,88,,,
2011,44184,Plou,46,,,
2011,44185,Pobo El,140,,,
2011,44187,Portellada La,254,,,
2011,44189,Pozondón,71,,,
2011,44190,Pozuel del Campo,89,,,
2011,44191,La Puebla de Híjar,988,,,
2011,44192,La Puebla de Valverde,547,,,
2011,44193,Puertomingalvo,137,,,
2011,44194,Ráfales,158,,,
2011,44195,Rillo,110,,,
2011,44196,Riodeva,176,,,
2011,44197,Ródenas,71,,,
2011,44198,Royuela,244,,,
2011,44199,Rubiales,62,,,
2011,44200,Rubielos de la Cérida,43,,,
2011,44201,Rubielos de Mora,739,,,
2011,44203,Salcedillo,7,,,
2011,44204,Saldón,27,,,
2011,44205,Samper de Calanda,884,,,
2011,44206,San Agustín,175,,,
2011,44207,San Martín del Río,190,,,
2011,44208,Santa Cruz de Nogueras,38,,,
2011,44209,Santa Eulalia,1127,,,
2011,44210,Sarrión,1132,,,
2011,44211,Segura de los Baños,41,,,
2011,44212,Seno,47,,,
2011,44213,Singra,84,,,
2011,44215,Terriente,190,,,
2011,44216,Teruel,35659,,,
2011,44217,Toril y Masegoso,36,,,
2011,44218,Tormón,34,,,
2011,44219,Tornos,225,,,
2011,44220,Torralba de los Sisones,175,,,
2011,44221,Torrecilla de Alcañiz,440,,,
2011,44222,Torrecilla del Rebollar,144,,,
2011,44223,Torre de Arcas,96,,,
2011,44224,Torre de las Arcas,33,,,
2011,44225,Torre del Compte,148,,,
2011,44226,Torrelacárcel,200,,,
2011,44227,Torre los Negros,97,,,
2011,44228,Torremocha de Jiloca,133,,,
2011,44229,Torres de Albarracín,167,,,
2011,44230,Torrevelilla,193,,,
2011,44231,Torrijas,59,,,
2011,44232,Torrijo del Campo,499,,,
2011,44234,Tramacastiel,90,,,
2011,44235,Tramacastilla,117,,,
2011,44236,Tronchón,99,,,
2011,44237,Urrea de Gaén,514,,,
2011,44238,Utrillas,3235,,,
2011,44239,Valacloche,27,,,
2011,44240,Valbona,206,,,
2011,44241,Valdealgorfa,657,,,
2011,44243,Valdecuenca,55,,,
2011,44244,Valdelinares,107,,,
2011,44245,Valdeltormo,318,,,
2011,44246,Valderrobres,2318,,,
2011,44247,Valjunquera,386,,,
2011,44249,Vallecillo El,55,,,
2011,44250,Veguillas de la Sierra,20,,,
2011,44251,Villafranca del Campo,332,,,
2011,44252,Villahermosa del Campo,99,,,
2011,44256,Villanueva del Rebollar de la Sierra,48,,,
2011,44257,Villar del Cobo,204,,,
2011,44258,Villar del Salz,79,,,
2011,44260,Villarluengo,202,,,
2011,44261,Villarquemado,908,,,
2011,44262,Villarroya de los Pinares,163,,,
2011,44263,Villastar,472,,,
2011,44264,Villel,347,,,
2011,44265,Vinaceite,298,,,
2011,44266,Visiedo,146,,,
2011,44267,Vivel del Río Martín,89,,,
2011,44268,La Zoma,23,,,
2018,44001,Ababuj,76,,,
2018,44002,Abejuela,49,,,
2018,44003,Aguatón,18,,,
2018,44004,Aguaviva,522,,,
2018,44005,Aguilar del Alfambra,63,,,
2018,44006,Alacón,264,,,
2018,44007,Alba,178,,,
2018,44008,Albalate del Arzobispo,2004,,,
2018,44009,Albarracín,1016,,,
2018,44010,Albentosa,257,,,
2018,44011,Alcaine,63,,,
2018,44012,Alcalá de la Selva,347,,,
2018,44013,Alcañiz,15939,,,
2018,44014,Alcorisa,3276,,,
2018,44016,Alfambra,531,,,
2018,44017,Aliaga,358,,,
2018,44018,Almohaja,16,,,
2018,44019,Alobras,62,,,
2018,44020,Alpeñés,22,,,
2018,44021,Allepuz,126,,,
2018,44022,Alloza,582,,,
2018,44023,Allueva,29,,,
2018,44024,Anadón,27,,,
2018,44025,Andorra,7633,,,
2018,44026,Arcos de las Salinas,105,,,
2018,44027,Arens de Lledó,206,,,
2018,44028,Argente,198,,,
2018,44029,Ariño,708,,,
2018,44031,Azaila,94,,,
2018,44032,Bádenas,20,,,
2018,44033,Báguena,311,,,
2018,44034,Bañón,153,,,
2018,44035,Barrachina,118,,,
2018,44036,Bea,31,,,
2018,44037,Beceite,541,,,
2018,44038,Belmonte de San José,113,,,
2018,44039,Bello,225,,,
2018,44040,Berge,244,,,
2018,44041,Bezas,70,,,
2018,44042,Blancas,125,,,
2018,44043,Blesa,95,,,
2018,44044,Bordón,106,,,
2018,44045,Bronchales,443,,,
2018,44046,Bueña,63,,,
2018,44047,Burbáguena,243,,,
2018,44048,Cabra de Mora,55,,,
2018,44049,Calaceite,1011,,,
2018,44050,Calamocha,4319,,,
2018,44051,Calanda,3708,,,
2018,44052,Calomarde,74,,,
2018,44053,Camañas,124,,,
2018,44054,Camarena de la Sierra,113,,,
2018,44055,Camarillas,86,,,
2018,44056,Caminreal,619,,,
2018,44059,Cantavieja,714,,,
2018,44060,Cañada de Benatanduz,39,,,
2018,44061,La Cañada de Verich,87,,,
2018,44062,Cañada Vellida,35,,,
2018,44063,Cañizar del Olivar,98,,,
2018,44064,Cascante del Río,71,,,
2018,44065,Castejón de Tornos,62,,,
2018,44066,Castel de Cabra,104,,,
2018,44067,Castelnou,160,,,
2018,44068,Castelserás,831,,,
2018,44070,El Castellar,52,,,
2018,44071,Castellote,676,,,
2018,44074,Cedrillas,630,,,
2018,44075,Celadas,396,,,
2018,44076,Cella,2606,,,
2018,44077,La Cerollera,100,,,
2018,44080,La Codoñera,344,,,
2018,44082,Corbalán,109,,,
2018,44084,Cortes de Aragón,61,,,
2018,44085,Cosa,52,,,
2018,44086,Cretas,571,,,
2018,44087,Crivillén,68,,,
2018,44088,La Cuba,41,,,
2018,44089,Cubla,54,,,
2018,44090,Cucalón,80,,,
2018,44092,Cuervo El,86,,,
2018,44093,Cuevas de Almudén,122,,,
2018,44094,Cuevas Labradas,131,,,
2018,44096,Ejulve,180,,,
2018,44097,Escorihuela,139,,,
2018,44099,Escucha,885,,,
2018,44100,Estercuel,210,,,
2018,44101,Ferreruela de Huerva,63,,,
2018,44102,Fonfría,28,,,
2018,44103,Formiche Alto,151,,,
2018,44105,Fórnoles,75,,,
2018,44106,Fortanete,205,,,
2018,44107,Foz-Calanda,238,,,
2018,44108,La Fresneda,443,,,
2018,44109,Frías de Albarracín,116,,,
2018,44110,Fuenferrada,42,,,
2018,44111,Fuentes Calientes,101,,,
2018,44112,Fuentes Claras,461,,,
2018,44113,Fuentes de Rubielos,114,,,
2018,44114,Fuentespalda,286,,,
2018,44115,Galve,161,,,
2018,44116,Gargallo,89,,,
2018,44117,Gea de Albarracín,376,,,
2018,44118,Ginebrosa La,200,,,
2018,44119,Griegos,143,,,
2018,44120,Guadalaviar,242,,,
2018,44121,Gúdar,72,,,
2018,44122,Híjar,1709,,,
2018,44123,Hinojosa de Jarque,119,,,
2018,44124,La Hoz de la Vieja,85,,,
2018,44125,Huesa del Común,67,,,
2018,44126,La Iglesuela del Cid,414,,,
2018,44127,Jabaloyas,65,,,
2018,44128,Jarque de la Val,70,,,
2018,44129,Jatiel,40,,,
2018,44130,Jorcas,34,,,
2018,44131,Josa,34,,,
2018,44132,Lagueruela,78,,,
2018,44133,Lanzuela,24,,,
2018,44135,Libros,101,,,
2018,44136,Lidón,55,,,
2018,44137,Linares de Mora,249,,,
2018,44138,Loscos,129,,,
2018,44141,Lledó,172,,,
2018,44142,Maicas,27,,,
2018,44143,Manzanera,519,,,
2018,44144,Martín del Río,417,,,
2018,44145,Mas de las Matas,1272,,,
2018,44146,La Mata de los Olmos,265,,,
2018,44147,Mazaleón,539,,,
2018,44148,Mezquita de Jarque,98,,,
2018,44149,Mirambel,116,,,
2018,44150,Miravete de la Sierra,35,,,
2018,44151,Molinos,243,,,
2018,44152,Monforte de Moyuela,65,,,
2018,44153,Monreal del Campo,2433,,,
2018,44154,Monroyo,340,,,
2018,44155,Montalbán,1243,,,
2018,44156,Monteagudo del Castillo,50,,,
2018,44157,Monterde de Albarracín,63,,,
2018,44158,Mora de Rubielos,1541,,,
2018,44159,Moscardón,55,,,
2018,44160,Mosqueruela,551,,,
2018,44161,Muniesa,599,,,
2018,44163,Noguera de Albarracín,133,,,
2018,44164,Nogueras,25,,,
2018,44165,Nogueruelas,217,,,
2018,44167,Obón,45,,,
2018,44168,Odón,205,,,
2018,44169,Ojos Negros,377,,,
2018,44171,Olba,226,,,
2018,44172,Oliete,364,,,
2018,44173,Olmos Los,122,,,
2018,44174,Orihuela del Tremedal,487,,,
2018,44175,Orrios,126,,,
2018,44176,Palomar de Arroyos,169,,,
2018,44177,Pancrudo,110,,,
2018,44178,Las Parras de Castellote,53,,,
2018,44179,Peñarroya de Tastavins,439,,,
2018,44180,Peracense,76,,,
2018,44181,Peralejos,88,,,
2018,44182,Perales del Alfambra,221,,,
2018,44183,Pitarque,79,,,
2018,44184,Plou,43,,,
2018,44185,Pobo El,114,,,
2018,44187,La Portellada,243,,,
2018,44189,Pozondón,48,,,
2018,44190,Pozuel del Campo,68,,,
2018,44191,La Puebla de Híjar,908,,,
2018,44192,La Puebla de Valverde,453,,,
2018,44193,Puertomingalvo,112,,,
2018,44194,Ráfales,143,,,
2018,44195,Rillo,93,,,
2018,44196,Riodeva,144,,,
2018,44197,Ródenas,61,,,
2018,44198,Royuela,206,,,
2018,44199,Rubiales,50,,,
2018,44200,Rubielos de la Cérida,38,,,
2018,44201,Rubielos de Mora,627,,,
2018,44203,Salcedillo,17,,,
2018,44204,Saldón,26,,,
2018,44205,Samper de Calanda,783,,,
2018,44206,San Agustín,125,,,
2018,44207,San Martín del Río,148,,,
2018,44208,Santa Cruz de Nogueras,37,,,
2018,44209,Santa Eulalia,1037,,,
2018,44210,Sarrión,1133,,,
2018,44211,Segura de los Baños,39,,,
2018,44212,Seno,39,,,
2018,44213,Singra,80,,,
2018,44215,Terriente,183,,,
2018,44216,Teruel,35691,,,
2018,44217,Toril y Masegoso,30,,,
2018,44218,Tormón,31,,,
2018,44219,Tornos,213,,,
2018,44220,Torralba de los Sisones,156,,,
2018,44221,Torrecilla de Alcañiz,423,,,
2018,44222,Torrecilla del Rebollar,127,,,
2018,44223,Torre de Arcas,89,,,
2018,44224,Torre de las Arcas,28,,,
2018,44225,Torre del Compte,132,,,
2018,44226,Torrelacárcel,154,,,
2018,44227,Torre los Negros,88,,,
2018,44228,Torremocha de Jiloca,107,,,
2018,44229,Torres de Albarracín,183,,,
2018,44230,Torrevelilla,189,,,
2018,44231,Torrijas,38,,,
2018,44232,Torrijo del Campo,447,,,
2018,44234,Tramacastiel,64,,,
2018,44235,Tramacastilla,106,,,
2018,44236,Tronchón,65,,,
2018,44237,Urrea de Gaén,436,,,
2018,44238,Utrillas,2970,,,
2018,44239,Valacloche,21,,,
2018,44240,Valbona,174,,,
2018,44241,Valdealgorfa,622,,,
2018,44243,Valdecuenca,35,,,
2018,44244,Valdelinares,87,,,
2018,44245,Valdeltormo,279,,,
2018,44246,Valderrobres,2388,,,
2018,44247,Valjunquera,325,,,
2018,44249,El Vallecillo,48,,,
2018,44250,Veguillas de la Sierra,20,,,
2018,44251,Villafranca del Campo,297,,,
2018,44252,Villahermosa del Campo,94,,,
2018,44256,Villanueva del Rebollar de la Sierra,47,,,
2018,44257,Villar del Cobo,164,,,
2018,44258,Villar del Salz,60,,,
2018,44260,Villarluengo,177,,,
2018,44261,Villarquemado,862,,,
2018,44262,Villarroya de los Pinares,160,,,
2018,44263,Villastar,494,,,
2018,44264,Villel,327,,,
2018,44265,Vinaceite,249,,,
2018,44266,Visiedo,125,,,
2018,44267,Vivel del Río Martín,79,,,
2018,44268,La Zoma,16,,,
